A  ,Element,Z  ,N  ,Energy (keV),Energy Unc (keV),Ji,Thalf,E_gamma (keV),E_gamma Unc (keV),M Gamma   ,B_exp (W.u.),B_exp Unc (W.u.),,
16,O      ,8,8,9844.5,0.5,2+                ,0.62 KEV 0.1             ,3794.6,1.2,[E2]      ,1.2,0.3,          ,                
16,O      ,8,8,6917.1,0.6,2+                ,4.70 FS 0.13             ,867.7,1.2,[E2]      ,27,3,          ,                
17,O      ,8,9,870.756,0.02,1/2+              ,179.6 PS 2.7             ,870.732,0.02,E2        ,2.424,0.037,          ,                
18,O      ,8,10,3554.84,0.4,4+                ,17.2 PS 0.8              ,1573,        ,E2        ,1.19,0.06,          ,                
18,O      ,8,10,3920.44,0.14,2+                ,18.4 FS 2                ,3920,        ,E2        ,1.3,0.2,          ,                
18,O      ,8,10,5336.4,0.6,0+                ,139 FS 28                ,3354,        ,E2        ,2,0.4,          ,                
18,O      ,8,10,7116.9,1.2,4+                ,17 FS LT                 ,3197,        ,E2        ,2.2,0.6,          ,                
18,O      ,8,10,8213,4,2+                ,1.0 KEV 0.8              ,4658,        ,E2        ,2.4,1,          ,                
18,O      ,8,10,1982.07,0.09,2+                ,1.94 PS 0.05             ,1982,        ,E2        ,3.32,0.09,          ,                
18,O      ,8,10,3633.76,0.11,0+                ,0.96 PS 0.11             ,1652,        ,E2        ,17,2,          ,                
18,O      ,8,10,5254.8,0.9,2+                ,7.0 FS 0.3               ,1699,        ,E2        ,21,12,          ,                
18,O      ,8,10,5254.8,0.9,2+                ,7.0 FS 0.3               ,1621,        ,E2        ,23,15,          ,                
19,O      ,8,11,1471.7,0.4,1/2+              ,0.88 PS 0.12             ,1471.7,        ,E2        ,0.58,0.12,          ,                
19,O      ,8,11,2371.5,1,9/2+              ,2.4 PS GT                ,2371.5,        ,E2        ,1,LT              ,          ,                
20,O      ,8,12,1673.68,0.15,2+                ,7.3 PS 0.3               ,1673.6,0.15,[E2]      ,1.8,0.07,          ,                
22,O      ,8,14,3199,8,2+                ,0.40 PS 0.15             ,3199,8,E2        ,1.2,0.5,          ,                
17,F      ,9,8,495.33,0.1,1/2+              ,286 PS 6                 ,495.32,0.1,[E2]      ,25,0.5,          ,                
18,F      ,9,9,4115.9,0.25,3+                ,63 FS 15                 ,4116,        ,E2        ,0.15,0.04,          ,                
18,F      ,9,9,6484.9,1.5,3+                ,0.40 KEV 0.1             ,4784,        ,E2        ,0.52,0.35,          ,                
18,F      ,9,9,3358.2,1,3+                ,0.30 PS 0.02             ,3358,        ,E2        ,0.69,0.09,          ,                
18,F      ,9,9,6310.5,0.8,3+                ,0.95 KEV 0.14            ,4610,        ,E2        ,1,0.4,          ,                
18,F      ,9,9,5297.6,1.5,4+                ,21 FS 3                  ,1940,        ,M1+E2     ,5.5,2.7,,
18,F      ,9,9,1121.36,0.15,5+                ,162 NS 7                 ,184,        ,E2        ,5.78,0.25,          ,                
18,F      ,9,9,937.2,0.06,3+                ,46.9 PS 1.7              ,937,        ,E2        ,5.8,0.2,          ,                
18,F      ,9,9,3061.84,0.18,2+                ,0.83 FS LT               ,2020,        ,E2        ,8,GT              ,          ,                
18,F      ,9,9,6310.5,0.8,3+                ,0.95 KEV 0.14            ,2587,        ,E2        ,9,5,          ,                
18,F      ,9,9,5297.6,1.5,4+                ,21 FS 3                  ,2775,        ,E2        ,17,6,          ,                
18,F      ,9,9,3358.2,1,3+                ,0.30 PS 0.02             ,1657,        ,E2        ,21,3,          ,                
18,F      ,9,9,6567,1.5,5+                ,0.56 KEV 0.13            ,3209,        ,E2        ,28,6,          ,                
19,F      ,9,10,6070,1,7/2+              ,1.2 KEV                  ,4516,        ,E2        ,1.5,1.3,          ,                
19,F      ,9,10,6330,2,7/2+              ,2.4 KEV                  ,4776,        ,E2        ,2.6,0.8,          ,                
19,F      ,9,10,4648,1,13/2+             ,2.6 PS 0.3               ,1868,        ,E2        ,3.2,0.4,          ,                
19,F      ,9,10,197.143,0.004,5/2+              ,89.3 NS 1                ,197.1,        ,E2        ,6.95,0.08,          ,                
19,F      ,9,10,2779.849,0.034,9/2+              ,194 FS 21                ,2582.7,        ,E2        ,8.2,0.9,          ,                
20,F      ,9,11,822.73,0.03,4+                ,55 PS 4                  ,822.69,0.04,[E2]      ,2.76,0.29,          ,                
21,F      ,9,12,279.93,0.06,1/2+              ,6.1 NS 0.6               ,279.92,0.06,(E2)      ,15.7,1.6,          ,                
18,NE     ,10,8,3616.4,0.6,2+                ,44 FS +21-14             ,3616,        ,E2        ,0.66,0.33,          ,                
18,NE     ,10,8,3576.3,2,0+                ,3 PS 1                   ,1689,        ,E2        ,5,2.5,          ,                
18,NE     ,10,8,3376.2,0.4,4+                ,3.0 PS 0.4               ,1489,        ,E2        ,8.9,1.2,          ,                
18,NE     ,10,8,1887.3,0.2,2+                ,0.46 PS 0.04             ,1887,        ,E2        ,17.7,1.8,          ,                
19,NE     ,10,9,4635,4,13/2+             ,0.7 PS GT                ,1840,        ,E2        ,13,LT              ,          ,                
19,NE     ,10,9,238.27,0.11,5/2+              ,18.0 NS 0.5              ,238.3,        ,E2        ,13.2,0.5,          ,                
19,NE     ,10,9,2794.7,0.6,9/2+              ,97 FS 24                 ,2556.4,        ,E2        ,17,4,          ,                
20,NE     ,10,10,8777.6,2.2,6+                ,0.11 KEV 0.02            ,4529.3,2.5,[E2]      ,20,3,          ,                
20,NE     ,10,10,1633.674,0.015,2+                ,0.73 PS 0.04             ,1633.602,0.015,[E2]      ,20.3,1,          ,                
20,NE     ,10,10,4247.7,1.1,4+                ,64 FS 6                  ,2613.8,1.1,[E2]      ,22,2,          ,                
21,NE     ,10,11,6267,1.6,9/2+              ,24 FS 12                 ,3400.1,1.6,M1+E2     ,0.004,+0.022-0.004    ,,
21,NE     ,10,11,6174.2,1.7,(5/2)+            ,9 FS 4                   ,4429,2,M1+E2     ,0.04,+0.05-0.04      ,,
21,NE     ,10,11,3735.59,0.14,5/2+              ,10 FS LT                 ,3735.2,0.2,M1+E2     ,0.3,                ,,
21,NE     ,10,11,3735.59,0.14,5/2+              ,10 FS LT                 ,3384.6,0.2,M1+E2     ,0.71,                ,,
21,NE     ,10,11,4433.3,0.7,11/2+             ,22 FS 3                  ,1567.2,1,M1+E2     ,6,4,,
21,NE     ,10,11,2866.6,0.2,9/2+              ,40 FS 4                  ,1120,0.3,M1+E2     ,9,5,,
21,NE     ,10,11,1745.91,0.019,7/2+              ,52 FS 4                  ,1395.131,0.017,M1+E2     ,11,4,,
21,NE     ,10,11,6174.2,1.7,(5/2)+            ,9 FS 4                   ,2438,2,M1+E2     ,24,19,,
21,NE     ,10,11,350.727,0.008,5/2+              ,7.13 PS 0.14             ,350.725,0.008,M1+E2     ,24.3,2,,
22,NE     ,10,12,5363.4,1.1,2+                ,69 FS 12                 ,4088.4,        ,M1+E2     ,0.06,0.03,,
22,NE     ,10,12,5523.3,0.6,(4)+              ,21 FS 3                  ,4247.9,1,E2        ,0.084,0.02,          ,                
22,NE     ,10,12,5641.2,0.7,3+                ,3 FS LT                  ,4366.1,1,M1+E2     ,0.36,                ,,
22,NE     ,10,12,4456.2,0.9,2+                ,3.7 FS 2.5               ,4455.7,        ,E2        ,0.7,0.5,          ,                
22,NE     ,10,12,7341.2,1.1,(4)+              ,35 FS 21                 ,3983.5,1,M1+E2     ,0.7,0.6,,
22,NE     ,10,12,4456.2,0.9,2+                ,3.7 FS 2.5               ,3181.4,        ,M1+E2     ,1,0.8,,
22,NE     ,10,12,6635.8,0.8,"(3,4)+            ",49 FS 21                 ,3278.3,        ,M1+E2     ,1.8,1,,
22,NE     ,10,12,6635.8,0.8,"(3,4)+            ",49 FS 21                 ,3278.3,        ,M1+E2     ,1.8,1,,
22,NE     ,10,12,6119.9,1.6,2+                ,14 FS 7                  ,4844.8,        ,M1+E2     ,2.7,1.4,,
22,NE     ,10,12,1274.537,0.007,2+                ,3.60 PS 0.05             ,1274.537,0.007,E2        ,12.76,0.18,          ,                
22,NE     ,10,12,6311,1,(6+)              ,49 FS 4                  ,2953.6,        ,[E2]      ,14,1.2,          ,                
22,NE     ,10,12,6345.1,1,4+                ,13 FS 3                  ,2987.7,0.9,M1+E2     ,16,7,,
22,NE     ,10,12,3357.2,0.5,4+                ,225 FS 4                 ,2082.6,0.5,E2        ,17.5,0.4,          ,                
22,NE     ,10,12,5329.6,1.3,1+                ,1.2 FS 0.3               ,4054.6,        ,M1+E2     ,31,12,,
22,NE     ,10,12,6119.9,1.6,2+                ,14 FS 7                  ,1663.6,        ,M1+E2     ,38,22,,
22,NE     ,10,12,7341.1,1.1,0+                ,3 FS LT                  ,2884.7,        ,(E2)      ,110,                ,          ,                
22,NE     ,10,12,6819.4,1.6,2+                ,3 FS LT                  ,2363.1,        ,M1+E2     ,210,                ,,
23,NE     ,10,13,1016.926,0.02,1/2+              ,178 PS 10                ,1016.9,0.02,[E2]      ,0.75,0.05,          ,                
24,NE     ,10,14,1981.6,0.4,2+                ,660 FS 150               ,1981.6,0.4,E2        ,6.8,1.6,          ,                
28,NE     ,10,18,1304,3,2+                ,5.7 PS 1                 ,1304,3,E2        ,5,0.8,          ,                
21,NA     ,11,10,1716.1,0.3,7/2+              ,37 FS 8                  ,1384.1,0.3,M1+E2     ,16,8,,
21,NA     ,11,10,1716.1,0.3,7/2+              ,37 FS 8                  ,1715.9,0.7,[E2]      ,21,8,          ,                
21,NA     ,11,10,331.9,0.1,5/2+              ,7.08 PS 0.08             ,331.91,0.1,M1+E2     ,39,3,,
21,NA     ,11,10,3544.3,0.4,5/2+              ,15.5 EV 1.4              ,3544,0.6,M1+E2     ,40,30,,
22,NA     ,11,11,583.05,0.1,1+                ,243 NS 2                 ,583.04,0.1,E2        ,0.00944,0.00008,          ,                
22,NA     ,11,11,3059.4,0.6,2+                ,23 FS 3                  ,2476.2,0.3,M1+E2     ,0.03,0.02,,
22,NA     ,11,11,5100.4,1.3,4+                ,38 FS 12                 ,4209.1,        ,M1+E2     ,0.12,                ,,
22,NA     ,11,11,1936.9,0.2,1+                ,13 FS 4                  ,1936.8,        ,[E2]      ,2.6,0.9,          ,                
22,NA     ,11,11,1528.1,0.3,5+                ,3.42 PS 0.24             ,1528.1,0.2,E2        ,5.2,0.4,          ,                
22,NA     ,11,11,3706.7,0.4,6+                ,59 FS 12                 ,2815.8,0.3,E2        ,11,3,          ,                
22,NA     ,11,11,4710,0.4,(5+)              ,37 FS 14                 ,2726,0.4,E2        ,14,6,          ,                
22,NA     ,11,11,4710,0.4,(5+)              ,37 FS 14                 ,1741.3,        ,E2        ,14,6,          ,                
22,NA     ,11,11,1951.8,0.3,2+                ,8 FS 2                   ,1294.8,        ,[E2]      ,15,5,          ,                
22,NA     ,11,11,3706.7,0.4,6+                ,59 FS 12                 ,2176.5,1,M1+E2     ,15,5,,
22,NA     ,11,11,1528.1,0.3,5+                ,3.42 PS 0.24             ,637.5,0.2,M1+E2     ,16,5,,
22,NA     ,11,11,1983.5,0.5,3+                ,1.47 PS 0.15             ,1400.4,0.5,E2        ,18.9,2,          ,                
22,NA     ,11,11,5100.4,1.3,4+                ,38 FS 12                 ,2039.1,        ,(E2)      ,21,8,          ,                
22,NA     ,11,11,890.89,0.2,4+                ,10.0 PS 0.3              ,890.87,0.2,M1+E2     ,25.1,0.9,,
23,NA     ,11,12,6578,0.6,"(9/2+,5/2+)       ",11 FS LT                 ,4501,1,M1+E2     ,0.045,                ,,
23,NA     ,11,12,6578,0.6,"(9/2+,5/2+)       ",11 FS LT                 ,4501,1,M1+E2     ,0.045,                ,,
23,NA     ,11,12,3914.6,0.4,5/2+              ,6.9 FS 1.4               ,3914,1,M1+E2     ,0.8,0.3,,
23,NA     ,11,12,6115.1,0.6,(11/2)+           ,35 FS 9                  ,4038,1,[E2]      ,0.89,0.25,          ,                
23,NA     ,11,12,4775.2,0.5,7/2+              ,1.4 FS LT                ,4335,1,M1+E2     ,0.93,                ,,
23,NA     ,11,12,2982,0.5,3/2+              ,3.3 FS 0.4               ,2541.3,0.9,M1+E2     ,1.4,1,,
23,NA     ,11,12,5534.2,0.6,11/2+             ,10.4 FS 0.6              ,2830,1,M1+E2     ,1.7,1.1,,
23,NA     ,11,12,7268.1,0.6,13/2+             ,18 FS 6                  ,4564,1,E2        ,1.8,0.6,          ,                
23,NA     ,11,12,2390.9,0.3,1/2+              ,0.60 PS 0.14             ,1950.6,0.4,E2        ,2.9,0.7,          ,                
23,NA     ,11,12,9802.9,0.8,(15/2+)           ,4.2 FS 1.4               ,4269,1,E2        ,3.5,1.4,          ,                
23,NA     ,11,12,5378.56,0.15,5/2+              ,143 AS 21                ,4937.8,        ,M1+E2     ,5,4,,
23,NA     ,11,12,5534.2,0.6,11/2+             ,10.4 FS 0.6              ,3458,1,E2        ,6,4,          ,                
23,NA     ,11,12,2076.2,0.4,7/2+              ,27 FS 3                  ,2076.7,0.8,E2        ,12.2,1.5,          ,                
23,NA     ,11,12,2076.2,0.4,7/2+              ,27 FS 3                  ,1636.6,0.8,M1+E2     ,14.6,2.2,,
23,NA     ,11,12,6235.4,0.6,(13/2+)           ,16 FS 8                  ,3531,1,(E2)      ,15,8,          ,                
23,NA     ,11,12,2703.8,0.5,9/2+              ,88 FS 7                  ,2263.3,0.8,E2        ,17.4,1.4,          ,                
23,NA     ,11,12,3914.6,0.4,5/2+              ,6.9 FS 1.4               ,1523,1,[E2]      ,28,7,          ,                
23,NA     ,11,12,440.2,0.4,5/2+              ,1.14 PS 0.07             ,440.5,0.6,M1+E2     ,32,6,,
23,NA     ,11,12,6735.5,0.2,3/2+              ,415 AS 50                ,4658.8,        ,[E2]      ,43,11,          ,                
23,NA     ,11,12,2703.8,0.5,9/2+              ,88 FS 7                  ,627.4,0.6,M1+E2     ,60,30,,
24,NA     ,11,13,1885.493,0.005,3+                ,26 FS 5                  ,1885.413,0.005,M1+E2     ,0.41,0.25,,
24,NA     ,11,13,1846.012,0.005,2+                ,180 FS 35                ,1373.763,0.005,M1+E2     ,1.2,1,,
25,NA     ,11,14,2202,1,3/2+              ,25 FS 4                  ,1132.8,1,M1+E2     ,1.8,+6.7-1.8        ,,
25,NA     ,11,14,1069.32,0.19,1/2+              ,1.32 PS 0.14             ,1069.3,        ,[E2]      ,7.1,1.1,          ,                
25,NA     ,11,14,2202,1,3/2+              ,25 FS 4                  ,2112.5,1,M1+E2     ,24,5,,
26,NA     ,11,15,406.7,0.5,2+                ,0.18 NS +0.17-0.13       ,323,        ,M1+E2     ,0.5,+0.7-0.4        ,,
26,NA     ,11,15,406.7,0.5,2+                ,0.18 NS +0.17-0.13       ,404,3,M1+E2     ,3,+4-2            ,,
26,NA     ,11,15,82.2,0.6,1+                ,9 US 2                   ,84,3,E2        ,3.6,0.9,          ,                
26,NA     ,11,15,232.7,0.6,2+                ,0.9 NS +0.6-0.5          ,232,2,M1+E2     ,11,10,,
26,NA     ,11,15,232.7,0.6,2+                ,0.9 NS +0.6-0.5          ,153,3,M1+E2     ,19,+20-18          ,,
22,MG     ,12,10,5711.4,0.7,2+                ,28 FS 10                 ,4463.5,1,M1+E2     ,0.08,0.05,,
22,MG     ,12,10,4402,0.3,2+                ,21 FS LT                 ,4400,50,[E2]      ,0.33,                ,          ,                
22,MG     ,12,10,3308.22,0.06,4+                ,200 FS 45                ,2061.09,0.05,E2        ,21,5,          ,                
22,MG     ,12,10,1247.02,0.03,2+                ,2.0 PS 0.8               ,1246.98,0.03,E2        ,26,11,          ,                
23,MG     ,12,11,2051.6,0.4,7/2+              ,65 FS 12                 ,1601.4,1.3,M1+E2     ,6.5,+2.1-1.6        ,,
23,MG     ,12,11,2357,0.7,1/2+              ,575 FS 118               ,1906,1,[E2]      ,6.9,+1.8-1.2        ,          ,                
23,MG     ,12,11,6194.7,0.7,(13/2+)           ,11.9 FS 2.1              ,3480,1,E2        ,21.4,+4.6-3.3        ,          ,                
23,MG     ,12,11,450.7,0.15,5/2+              ,1.15 PS 0.08             ,450.7,0.15,M1+E2     ,24,+20-13          ,,
23,MG     ,12,11,2714.5,0.5,9/2+              ,65 FS 8                  ,2263,1,[E2]      ,26.5,+3.7-3          ,          ,                
24,MG     ,12,12,4238.24,0.03,2+                ,41 FS 4                  ,4237.96,0.06,E2        ,1.94,0.19,          ,                
24,MG     ,12,12,5235.12,0.04,3+                ,61 FS 7                  ,3866.19,0.08,M1+E2     ,2.5,0.3,,
24,MG     ,12,12,4238.24,0.03,2+                ,41 FS 4                  ,2869.5,0.06,M1+E2     ,3.6,0.4,,
24,MG     ,12,12,6432.3,0.11,0+                ,53 FS 8                  ,2193.4,0.6,E2        ,8.9,1.4,          ,                
24,MG     ,12,12,1368.672,0.005,2+                ,1.33 PS 0.06             ,1368.626,0.005,E2        ,21.5,1,          ,                
24,MG     ,12,12,4122.889,0.012,4+                ,22 FS 2                  ,2754.007,0.011,E2        ,39,4,          ,                
24,MG     ,12,12,5235.12,0.04,3+                ,61 FS 7                  ,996.83,0.1,M1+E2     ,58,8,,
25,MG     ,12,13,2737.8,0.3,7/2+              ,290 FS 30                ,2738,0.6,M1+E2     ,0.1,0.05,,
25,MG     ,12,13,8011,2,"(9/2,13/2+)       ",37 FS 4                  ,2761,3,M1+E2     ,0.23,0.06,,
25,MG     ,12,13,1964.624,0.023,5/2+              ,0.70 PS 0.06             ,1964.501,0.045,M1+E2     ,0.45,0.12,,
25,MG     ,12,13,585.045,0.021,1/2+              ,3.38 NS 0.06             ,585.028,0.03,E2        ,0.563,0.01,          ,                
25,MG     ,12,13,974.756,0.022,3/2+              ,10.1 PS 1                ,974.742,0.035,M1+E2     ,0.91,0.13,,
25,MG     ,12,13,2801.46,0.03,3/2+              ,26 FS 3                  ,2216.267,0.05,M1+E2     ,1.5,1.3,,
25,MG     ,12,13,4059.6,0.3,9/2+              ,47 FS 5                  ,4058.9,0.5,E2        ,1.51,0.17,          ,                
25,MG     ,12,13,2801.46,0.03,3/2+              ,26 FS 3                  ,2801.312,0.035,M1+E2     ,1.7,0.4,,
25,MG     ,12,13,4059.6,0.3,9/2+              ,47 FS 5                  ,2450.5,1,M1+E2     ,2.1,0.8,,
25,MG     ,12,13,5461.1,0.3,13/2+             ,1.44 PS 0.13             ,2055.9,0.2,E2        ,2.46,0.23,          ,                
25,MG     ,12,13,5251.63,0.22,11/2+             ,15 FS 2                  ,1846.4,0.5,M1+E2     ,3.3,1.2,,
25,MG     ,12,13,1964.624,0.023,5/2+              ,0.70 PS 0.06             ,989.865,0.03,M1+E2     ,3.5,0.7,,
25,MG     ,12,13,2563.36,0.05,1/2+              ,10 FS 5                  ,2563.6,0.4,E2        ,4,3,          ,                
25,MG     ,12,13,5251.63,0.22,11/2+             ,15 FS 2                  ,3639.5,0.3,E2        ,5.1,1.2,          ,                
25,MG     ,12,13,3405.06,0.17,9/2+              ,7.7 FS 0.7               ,3404.7,0.4,E2        ,6.8,0.9,          ,                
25,MG     ,12,13,5533.8,0.4,11/2+             ,6 FS 2                   ,3922,1.1,[E2]      ,9,4,          ,                
25,MG     ,12,13,5251.63,0.22,11/2+             ,15 FS 2                  ,2515.7,1.2,[E2]      ,10.5,1.8,          ,                
25,MG     ,12,13,974.756,0.022,3/2+              ,10.1 PS 1                ,389.71,0.035,M1+E2     ,11,5,,
25,MG     ,12,13,3405.06,0.17,9/2+              ,7.7 FS 0.7               ,1793.1,0.3,M1+E2     ,12,6,,
25,MG     ,12,13,1964.624,0.023,5/2+              ,0.70 PS 0.06             ,1379.543,0.03,E2        ,15.8,1.4,          ,                
25,MG     ,12,13,2737.8,0.3,7/2+              ,290 FS 30                ,773.1,0.7,M1+E2     ,20,15,,
25,MG     ,12,13,2737.8,0.3,7/2+              ,290 FS 30                ,1763.5,0.7,E2        ,22.9,2.5,          ,                
25,MG     ,12,13,1611.768,0.011,7/2+              ,17 FS 3                  ,1611.712,0.011,M1+E2     ,24,6,,
25,MG     ,12,13,4711.6,0.4,9/2+              ,26 FS 3                  ,2746.9,0.5,E2        ,30,5,          ,                
25,MG     ,12,13,5251.63,0.22,11/2+             ,15 FS 2                  ,1192.4,0.6,M1+E2     ,80,40,,
26,MG     ,12,14,4972.3,0.13,0+                ,446 FS 70                ,3163.35,        ,E2        ,0.06,0.04,          ,                
26,MG     ,12,14,4350.09,0.04,3+                ,105 FS 28                ,2541.18,0.06,M1+E2     ,0.06,0.05,,
26,MG     ,12,14,4835.13,0.05,2+                ,28 FS 6                  ,4834.61,0.18,E2        ,0.15,0.04,          ,                
26,MG     ,12,14,3941.57,0.04,3+                ,0.83 PS 0.12             ,1003.25,0.04,M1+E2     ,0.23,+0.37-0.22      ,,
26,MG     ,12,14,4332.52,0.05,2+                ,20 FS 3                  ,4332.2,0.3,[E2]      ,0.24,0.05,          ,                
26,MG     ,12,14,2938.33,0.04,2+                ,141 FS 8                 ,2938.15,0.05,E2        ,0.39,0.04,          ,                
26,MG     ,12,14,5715.91,0.08,4+                ,53 FS 16                 ,1774,0.9,M1+E2     ,0.4,0.2,,
26,MG     ,12,14,9111.2,0.5,6+                ,11 FS LE                 ,4792,        ,[E2]      ,0.8,                ,          ,                
26,MG     ,12,14,3588.56,0.09,0+                ,6.45 PS 0.48             ,1779.74,0.08,E2        ,1.07,0.08,          ,                
26,MG     ,12,14,5476.05,0.07,4+                ,21 FS 6                  ,3667.4,0.5,[E2]      ,1.1,0.4,          ,                
26,MG     ,12,14,6256.2,1.4,0+                ,53 FS 31                 ,4447.1,        ,E2        ,1.2,0.8,          ,                
26,MG     ,12,14,9111.2,0.5,6+                ,11 FS LE                 ,4209.4,        ,[E2]      ,1.4,                ,          ,                
26,MG     ,12,14,6978.3,0.8,(5+)              ,14 FS 5                  ,2660,2,M1+E2     ,1.5,1.2,,
26,MG     ,12,14,5715.91,0.08,4+                ,53 FS 16                 ,2776.82,0.2,[E2]      ,1.7,0.5,          ,                
26,MG     ,12,14,4901.44,0.07,4+                ,29 FS 6                  ,1962.99,0.24,[E2]      ,2.5,0.6,          ,                
26,MG     ,12,14,5715.91,0.08,4+                ,53 FS 16                 ,1365.54,0.2,M1+E2     ,3.1,1.4,,
26,MG     ,12,14,6978.3,0.8,(5+)              ,14 FS 5                  ,2628.1,        ,[E2]      ,3.2,1.4,          ,                
26,MG     ,12,14,4318.89,0.05,4+                ,272 FS 16                ,2510.01,0.05,[E2]      ,4.5,0.3,          ,                
26,MG     ,12,14,7396,1,(5+)              ,14 FS LE                 ,1680,1,(M1+E2)   ,4.6,                ,,
26,MG     ,12,14,6978.3,0.8,(5+)              ,14 FS 5                  ,3036.5,        ,E2        ,4.8,1.9,          ,                
26,MG     ,12,14,2938.33,0.04,2+                ,141 FS 8                 ,1129.61,0.04,M1+E2     ,6.1,2.1,,
26,MG     ,12,14,4972.3,0.13,0+                ,446 FS 70                ,2033.88,0.12,E2        ,7.4,1.3,          ,                
26,MG     ,12,14,9111.2,0.5,6+                ,11 FS LE                 ,3635,        ,[E2]      ,8.8,                ,          ,                
26,MG     ,12,14,4350.09,0.04,3+                ,105 FS 28                ,1411.72,0.04,M1+E2     ,9,4,,
26,MG     ,12,14,9111.2,0.5,6+                ,11 FS LE                 ,2488,        ,[E2]      ,9.4,                ,          ,                
26,MG     ,12,14,6622.94,0.14,(4+)              ,19 FS 5                  ,2290.2,0.3,[E2]      ,12,4,          ,                
26,MG     ,12,14,5476.05,0.07,4+                ,21 FS 6                  ,1534.49,0.15,M1+E2     ,12,5,,
26,MG     ,12,14,5476.05,0.07,4+                ,21 FS 6                  ,1157.23,0.06,M1+E2     ,12,+19-11          ,,
26,MG     ,12,14,6978.3,0.8,(5+)              ,14 FS 5                  ,2076.8,        ,M1+E2     ,13,9,,
26,MG     ,12,14,1808.74,0.04,2+                ,476 FS 21                ,1808.68,0.04,E2        ,13.4,0.6,          ,                
26,MG     ,12,14,4901.44,0.07,4+                ,29 FS 6                  ,3092.31,0.11,[E2]      ,14,3,          ,                
26,MG     ,12,14,6978.3,0.8,(5+)              ,14 FS 5                  ,1501.8,1,M1+E2     ,24,15,,
27,MG     ,12,15,984.88,0.05,3/2+              ,0.97 PS 0.24             ,984.88,0.08,M1+E2     ,6,1.9,,
27,MG     ,12,15,1698.52,0.08,5/2+              ,0.81 PS 0.17             ,1698.46,0.23,E2        ,10.1,2.3,          ,                
27,MG     ,12,15,3109.73,0.21,(7/2+)            ,71 FS 18                 ,1169.4,0.25,(M1+E2)   ,40,+6E+1-4E+1      ,,
28,MG     ,12,16,5702.1,0.7,0+                ,0.21 PS 0.03             ,4227.9,        ,[E2]      ,0.077,0.012,          ,                
28,MG     ,12,16,4878.6,1.3,2+                ,0.08 PS LT               ,4877,10,E2        ,0.097,                ,          ,                
28,MG     ,12,16,4878.6,1.3,2+                ,0.08 PS LT               ,3404.9,1.3,M1+E2     ,0.18,                ,,
28,MG     ,12,16,3862.15,0.14,0+                ,0.55 PS 0.07             ,2388.5,0.1,E2        ,2.6,0.4,          ,                
28,MG     ,12,16,4021,0.5,4+                ,105 FS 35                ,2547.7,0.6,(E2)      ,10,4,          ,                
28,MG     ,12,16,1473.54,0.1,2+                ,1.2 PS 0.1               ,1473.5,0.1,E2        ,13.4,1.2,          ,                
30,MG     ,12,18,1482.8,0.3,2+                ,1.5 PS 0.2               ,1482.1,0.5,E2        ,9.5,1.3,          ,                
30,MG     ,12,18,1788.2,0.4,0+                ,3.9 NS 0.4               ,305.5,0.3,E2        ,9.8,1.1,          ,                
32,MG     ,12,20,885.3,0.1,2+                ,11.4 PS 2                ,885.3,0.1,(E2)      ,15,3,          ,                
25,AL     ,13,12,1789.5,0.5,5/2+              ,393 FS 36                ,1789.4,0.5,M1+E2     ,2,0.6,,
25,AL     ,13,12,944.9,0.5,3/2+              ,4.3 PS 1.1               ,944.9,0.5,M1+E2     ,2,1.5,,
25,AL     ,13,12,451.7,0.5,1/2+              ,2.29 NS 0.04             ,451.7,0.5,[E2]      ,3.03,0.06,          ,                
25,AL     ,13,12,3424.2,0.8,(9/2)+            ,9.0 FS 1.4               ,3423.9,0.8,E2        ,4.8,1.6,          ,                
25,AL     ,13,12,944.9,0.5,3/2+              ,4.3 PS 1.1               ,493.3,0.7,M1+E2     ,5,+7-5            ,,
25,AL     ,13,12,2720.2,0.5,7/2+              ,201 FS 14                ,930.7,0.7,M1+E2     ,8,+14-8           ,,
25,AL     ,13,12,1789.5,0.5,5/2+              ,393 FS 36                ,844.6,0.7,M1+E2     ,8.7,2.3,,
25,AL     ,13,12,3424.2,0.8,(9/2)+            ,9.0 FS 1.4               ,1811.6,0.9,M1+E2     ,12,6,,
25,AL     ,13,12,1612.5,0.5,(7/2)+            ,12 FS 2                  ,1612.4,0.5,M1+E2     ,25,12,,
26,AL     ,13,13,2545.367,0.017,3+                ,0.69 PS 0.17             ,2545.232,        ,[E2]      ,0.0035,0.0014,          ,                
26,AL     ,13,13,3073.63,0.04,3+                ,194 FS 31                ,3073.43,        ,[E2]      ,0.018,0.004,          ,                
26,AL     ,13,13,2365.15,0.018,3+                ,0.8 PS 0.2               ,2365.034,        ,[E2]      ,0.019,0.005,          ,                
26,AL     ,13,13,4773.35,0.06,4+                ,82 FS 12                 ,3014.13,        ,[E2]      ,0.024,0.007,          ,                
26,AL     ,13,13,4547.92,0.06,2+                ,11 FS LT                 ,4319.23,        ,[E2]      ,0.043,                ,          ,                
26,AL     ,13,13,4191.92,0.06,(3+)              ,5 FS 2                   ,4191.56,        ,[E2]      ,0.046,0.022,          ,                
26,AL     ,13,13,5131.93,0.05,(4+)              ,3 FS LT                  ,3372.66,        ,[E2]      ,0.046,                ,          ,                
26,AL     ,13,13,4349.34,0.07,3+                ,9 FS 3                   ,4348.95,        ,[E2]      ,0.053,0.02,          ,                
26,AL     ,13,13,5513.48,0.04,(4+)              ,35 FS 4                  ,2852.39,        ,[E2]      ,0.136,0.022,          ,                
26,AL     ,13,13,3680.68,0.06,3+                ,8.3 FS 1.4               ,3680.4,        ,[E2]      ,0.16,0.04,          ,                
26,AL     ,13,13,3962.83,0.05,(3+)              ,37 FS 5                  ,3962.5,        ,[E2]      ,0.19,0.03,          ,                
26,AL     ,13,13,4205.86,0.05,(4+)              ,62 FS 10                 ,2446.7,        ,[E2]      ,0.25,0.05,          ,                
26,AL     ,13,13,4952.3,0.04,(3+)              ,10 FS 3                  ,3894.25,        ,[E2]      ,0.26,0.09,          ,                
26,AL     ,13,13,5513.48,0.04,(4+)              ,35 FS 4                  ,2599.94,        ,[E2]      ,0.32,0.05,          ,                
26,AL     ,13,13,5882.65,0.09,(3+)              ,12 FS LT                 ,4031.69,        ,[E2]      ,0.4,                ,          ,                
26,AL     ,13,13,3596.34,0.04,3+                ,18 FS 3                  ,3596.07,        ,[E2]      ,0.42,0.08,          ,                
26,AL     ,13,13,2740.03,0.03,1+                ,31 FS 3                  ,2323.07,        ,[E2]      ,0.47,0.13,          ,                
26,AL     ,13,13,4940.79,0.05,(5+)              ,24 FS 6                  ,1867.09,        ,[E2]      ,0.56,0.24,          ,                
26,AL     ,13,13,5513.48,0.04,(4+)              ,35 FS 4                  ,1762.52,        ,[E2]      ,0.6,0.17,          ,                
26,AL     ,13,13,2545.367,0.017,3+                ,0.69 PS 0.17             ,1487.582,        ,[E2]      ,0.62,0.16,          ,                
26,AL     ,13,13,4349.34,0.07,3+                ,9 FS 3                   ,3291.38,        ,[E2]      ,0.64,0.23,          ,                
26,AL     ,13,13,3159.889,0.013,2+                ,3.5 FS 0.7               ,2931.406,        ,E2        ,0.72,0.17,          ,                
26,AL     ,13,13,2545.367,0.017,3+                ,0.69 PS 0.17             ,2128.421,        ,M1+E2     ,0.74,0.22,,
26,AL     ,13,13,4952.3,0.04,(3+)              ,10 FS 3                  ,3101.48,        ,[E2]      ,1.1,0.4,          ,                
26,AL     ,13,13,5245.28,0.04,(4+)              ,12 FS 3                  ,1494.33,        ,[E2]      ,1.1,0.6,          ,                
26,AL     ,13,13,5245.28,0.04,(4+)              ,12 FS 3                  ,3175.6,        ,[E2]      ,1.2,0.4,          ,                
26,AL     ,13,13,5513.48,0.04,(4+)              ,35 FS 4                  ,3754.15,        ,[E2]      ,1.26,0.15,          ,                
26,AL     ,13,13,3962.83,0.05,(3+)              ,37 FS 5                  ,2112.12,        ,[E2]      ,1.28,0.25,          ,                
26,AL     ,13,13,3680.68,0.06,3+                ,8.3 FS 1.4               ,1829.99,        ,[E2]      ,1.3,0.4,          ,                
26,AL     ,13,13,3402.65,0.06,5+                ,67 FS 12                 ,3402.41,        ,(M1+E2)   ,1.5,0.3,,
26,AL     ,13,13,4940.79,0.05,(5+)              ,24 FS 6                  ,4523.51,        ,[E2]      ,1.5,0.4,          ,                
26,AL     ,13,13,5245.28,0.04,(4+)              ,12 FS 3                  ,3485.99,        ,[E2]      ,1.5,0.4,          ,                
26,AL     ,13,13,5245.28,0.04,(4+)              ,12 FS 3                  ,1737.59,        ,[E2]      ,1.6,0.5,          ,                
26,AL     ,13,13,3962.83,0.05,(3+)              ,37 FS 5                  ,2904.92,        ,[E2]      ,1.8,0.3,          ,                
26,AL     ,13,13,3596.34,0.04,3+                ,18 FS 3                  ,2538.47,        ,[E2]      ,2.1,0.4,          ,                
26,AL     ,13,13,3073.63,0.04,3+                ,194 FS 31                ,2015.81,        ,[E2]      ,2.3,0.4,          ,                
26,AL     ,13,13,4952.3,0.04,(3+)              ,10 FS 3                  ,2212.17,        ,[E2]      ,2.3,0.8,          ,                
26,AL     ,13,13,5245.28,0.04,(4+)              ,12 FS 3                  ,2584.22,        ,[E2]      ,2.6,0.7,          ,                
26,AL     ,13,13,2071.64,0.04,1+                ,367 FS 69                ,1654.73,        ,[E2]      ,2.9,0.6,          ,                
26,AL     ,13,13,3680.68,0.06,3+                ,8.3 FS 1.4               ,2622.8,        ,[E2]      ,3.1,0.6,          ,                
26,AL     ,13,13,4205.86,0.05,(4+)              ,62 FS 10                 ,1292.43,        ,[E2]      ,3.5,0.7,          ,                
26,AL     ,13,13,3507.63,0.08,6+                ,17 FS 3                  ,1438.73,        ,[E2]      ,3.8,1.1,          ,                
26,AL     ,13,13,5131.93,0.05,(4+)              ,3 FS LT                  ,1971.96,        ,[E2]      ,3.8,                ,          ,                
26,AL     ,13,13,4773.35,0.06,4+                ,82 FS 12                 ,1859.88,        ,[E2]      ,3.9,0.6,          ,                
26,AL     ,13,13,3596.34,0.04,3+                ,18 FS 3                  ,1745.66,        ,[E2]      ,4.2,0.8,          ,                
26,AL     ,13,13,5671.04,0.07,1+                ,30 FS LT                 ,1990.28,        ,[E2]      ,4.2,                ,          ,                
26,AL     ,13,13,1850.62,0.03,1+                ,32 FS 3                  ,1433.73,        ,[E2]      ,4.4,0.8,          ,                
26,AL     ,13,13,3402.65,0.06,5+                ,67 FS 12                 ,2985.61,        ,[E2]      ,4.4,0.8,          ,                
26,AL     ,13,13,2365.15,0.018,3+                ,0.8 PS 0.2               ,1307.375,        ,[E2]      ,5.5,1.4,          ,                
26,AL     ,13,13,3962.83,0.05,(3+)              ,37 FS 5                  ,1222.77,        ,[E2]      ,6,3,          ,                
26,AL     ,13,13,3073.63,0.04,3+                ,194 FS 31                ,1222.98,        ,[E2]      ,6.3,1.1,          ,                
26,AL     ,13,13,3402.65,0.06,5+                ,67 FS 12                 ,1037.48,        ,[E2]      ,7.4,1.7,          ,                
26,AL     ,13,13,5131.93,0.05,(4+)              ,3 FS LT                  ,3062.27,        ,[E2]      ,7.8,                ,          ,                
26,AL     ,13,13,416.852,0.003,3+                ,1.20 NS 0.01             ,416.848,        ,[E2]      ,8.19,0.12,          ,                
26,AL     ,13,13,5245.28,0.04,(4+)              ,12 FS 3                  ,2331.77,        ,[E2]      ,8.4,2.2,          ,                
26,AL     ,13,13,3674.92,0.05,4+                ,155 FS 20                ,1915.81,        ,[E2]      ,8.5,1.2,          ,                
26,AL     ,13,13,4940.79,0.05,(5+)              ,24 FS 6                  ,2575.5,        ,[E2]      ,9.3,2.4,          ,                
26,AL     ,13,13,4773.35,0.06,4+                ,82 FS 12                 ,2112.34,        ,[E2]      ,9.4,1.5,          ,                
26,AL     ,13,13,2069.47,0.03,(2+)              ,14 FS 2                  ,1841.09,        ,E2        ,12.6,2.4,          ,                
26,AL     ,13,13,4940.79,0.05,(5+)              ,24 FS 6                  ,2395.3,        ,[E2]      ,14,4,          ,                
26,AL     ,13,13,4205.86,0.05,(4+)              ,62 FS 10                 ,1544.89,        ,[E2]      ,18,4,          ,                
27,AL     ,13,14,4580,0.8,(7/2+)            ,5.3 FS 0.6               ,1845,1.1,M1+E2     ,0.00075,0.00012,,
27,AL     ,13,14,4410.2,0.4,5/2+              ,1.2 FS 0.1               ,4409.8,0.5,M1+E2     ,0.05,+0.05-0.05      ,,
27,AL     ,13,14,4580,0.8,(7/2+)            ,5.3 FS 0.6               ,2368.7,1.1,M1+E2     ,0.3,+0.5-0.3        ,,
27,AL     ,13,14,4811.6,0.5,5/2+              ,1.5 FS 0.2               ,3796.8,0.6,M1+E2     ,0.3,0.3,,
27,AL     ,13,14,4580,0.8,(7/2+)            ,5.3 FS 0.6               ,4579.5,0.9,M1+E2     ,0.31,0.07,,
27,AL     ,13,14,7400,1,11/2+             ,24 FS 10                 ,4395.4,1.3,M1+E2     ,0.33,0.16,,
27,AL     ,13,14,7400,1,11/2+             ,24 FS 10                 ,2889.5,1.2,M1+E2     ,0.36,0.21,,
27,AL     ,13,14,6713,1,9/2+              ,7 FS LT                  ,3977.7,1.3,(E2)      ,0.84,                ,          ,                
27,AL     ,13,14,7400,1,11/2+             ,24 FS 10                 ,1900.1,1.3,M1+E2     ,0.9,0.7,,
27,AL     ,13,14,5667.3,1.2,9/2+              ,11 FS 3                  ,2662.9,1.5,(M1+E2)   ,1.2,0.8,,
27,AL     ,13,14,5419.9,0.9,(9/2+)            ,14 FS LT                 ,3208.5,1.1,M1+E2     ,1.2,                ,,
27,AL     ,13,14,4811.6,0.5,5/2+              ,1.5 FS 0.2               ,4811.1,0.6,M1+E2     ,1.7,0.5,,
27,AL     ,13,14,4510.3,0.5,(11/2+)           ,222 FS 14                ,1506,1,M1+E2     ,3.6,0.6,,
27,AL     ,13,14,4811.6,0.5,5/2+              ,1.5 FS 0.2               ,2600.3,0.8,M1+E2     ,3.8,2.5,,
27,AL     ,13,14,4510.3,0.5,(11/2+)           ,222 FS 14                ,2299,0.8,(E2)      ,5.6,0.7,          ,                
27,AL     ,13,14,7400,1,11/2+             ,24 FS 10                 ,686.9,1.5,M1+E2     ,6,+7-6            ,,
27,AL     ,13,14,3004.2,0.8,(9/2+)            ,59 FS 3                  ,3004,0.9,E2        ,7.1,0.4,          ,                
27,AL     ,13,14,1014.56,0.09,3/2+              ,1.49 PS 0.07             ,1014.52,0.1,M1+E2     ,7.8,0.7,,
27,AL     ,13,14,843.76,0.09,1/2+              ,35 PS 1                  ,843.76,0.1,E2        ,7.86,0.23,          ,                
27,AL     ,13,14,5499.8,0.8,11/2+             ,7 FS LT                  ,2495.4,1.2,M1+E2     ,8.2,                ,,
27,AL     ,13,14,2734.9,0.7,5/2+              ,8.9 FS 1.2               ,1720.3,0.8,M1+E2     ,8.7,1.8,,
27,AL     ,13,14,7400,1,11/2+             ,24 FS 10                 ,2819.8,1.3,E2        ,10,5,          ,                
27,AL     ,13,14,2212.01,0.1,(7/2+)            ,26.6 FS 0.6              ,2212.01,0.1,M1+E2     ,15,0.6,,
28,AL     ,13,15,1372.917,0.02,1+                ,223 FS 35                ,1342.3,0.11,M1+E2     ,1.2,0.9,,
28,AL     ,13,15,2581.81,0.22,5+                ,313 FS 25                ,2582.2,0.5,[E2]      ,2.9,0.3,          ,                
28,AL     ,13,15,1620.3,0.04,1+                ,92 FS 22                 ,1589.72,0.08,M1+E2     ,3,+4-3            ,,
28,AL     ,13,15,972.35,0.03,0+                ,33 PS 2                  ,941.79,0.06,E2        ,4.6,0.3,          ,                
28,AL     ,13,15,1372.917,0.02,1+                ,223 FS 35                ,1372.8,0.2,[E2]      ,9,5,          ,                
28,AL     ,13,15,1013.637,0.009,3+                ,103 FS 14                ,983.018,0.016,M1+E2     ,12,10,,
29,AL     ,13,16,3184.54,0.18,5/2+              ,124 FS 23                ,960.4,0.4,M1+E2     ,0.5,+0.7-0.5        ,,
29,AL     ,13,16,3184.54,0.18,5/2+              ,124 FS 23                ,1430.2,0.4,M1+E2     ,2,1,,
29,AL     ,13,16,1398.05,0.16,1/2+              ,4.5 PS 0.3               ,1398,0.2,(E2)      ,4.4,0.3,          ,                
26,SI     ,14,12,4139.06,0.2,2+                ,35 FS 3                  ,4141,3,[E2]      ,0.28,0.15,          ,                
26,SI     ,14,12,2787.05,0.13,2+                ,146 FS 35                ,2787,0.2,E2        ,1.7,0.4,          ,                
26,SI     ,14,12,4446.37,0.18,(4+)              ,350 FS LT                ,2648.7,0.2,(E2)      ,2.3,                ,          ,                
26,SI     ,14,12,3336.35,0.22,0+                ,1.52 PS 0.48             ,1539,0.2,E2        ,10,5,          ,                
26,SI     ,14,12,1797.3,0.1,2+                ,440 FS 40                ,1797.2,0.1,E2        ,15.3,1.5,          ,                
26,SI     ,14,12,2787.05,0.13,2+                ,146 FS 35                ,988.9,0.1,M1+E2     ,25,24,,
27,SI     ,14,13,4289.2,0.9,5/2+              ,3.5 FS 1.4               ,3331.5,        ,M1+E2     ,1.4,0.8,,
27,SI     ,14,13,2647.6,0.3,5/2+              ,17 FS 2                  ,2647.4,        ,(M1+E2)   ,1.5,0.5,,
27,SI     ,14,13,2647.6,0.3,5/2+              ,17 FS 2                  ,1690.1,        ,(M1+E2)   ,2.6,1,,
27,SI     ,14,13,4447.3,0.5,(11/2+)           ,390 FS 40                ,2283.5,        ,(E2)      ,4.2,0.5,          ,                
27,SI     ,14,13,2163.6,0.2,7/2+              ,44 FS 5                  ,2163.5,        ,(M1+E2)   ,8.5,1.6,,
27,SI     ,14,13,2647.6,0.3,5/2+              ,17 FS 2                  ,1866.6,        ,(E2)      ,9,3,          ,                
27,SI     ,14,13,957.4,0.2,3/2+              ,1.20 PS 0.08             ,957.3,        ,(M1+E2)   ,23,3,,
28,SI     ,14,14,6276.2,0.07,3+                ,0.78 PS 0.06             ,4496.92,0.25,(M1+E2)   ,0.0013,0.0004,,
28,SI     ,14,14,9417.17,0.14,4+                ,78 FS 12                 ,2036.4,        ,(E2)      ,0.21,0.05,          ,                
28,SI     ,14,14,6690.74,0.15,0+                ,147 FS 10                ,4910.8,0.5,E2        ,0.267,0.019,          ,                
28,SI     ,14,14,9479.49,0.11,(2+)              ,6 FS 2                   ,4860.7,        ,(E2)      ,0.44,0.15,          ,                
28,SI     ,14,14,9479.49,0.11,(2+)              ,6 FS 2                   ,4498.8,        ,(E2)      ,0.46,0.22,          ,                
28,SI     ,14,14,8258.74,0.1,2(+)              ,10 FS 2                  ,3640.4,        ,(E2)      ,0.7,0.24,          ,                
28,SI     ,14,14,8945.2,0.13,5+                ,58 FS 6                  ,4326.6,        ,(M1+E2)   ,0.76,0.1,,
28,SI     ,14,14,7380.59,0.09,2+                ,5 FS 2                   ,2400.5,        ,E2        ,0.8,0.5,          ,                
28,SI     ,14,14,7933.45,0.1,2+                ,11 FS 2                  ,3315.2,        ,(E2)      ,1.2,0.23,          ,                
28,SI     ,14,14,7933.45,0.1,2+                ,11 FS 2                  ,2953.2,        ,E2        ,1.8,0.4,          ,                
28,SI     ,14,14,9315.92,0.1,3+                ,1.5 FS 0.6               ,3039.4,        ,(M1+E2)   ,3,+6-3            ,,
28,SI     ,14,14,8258.74,0.1,2(+)              ,10 FS 2                  ,3278.4,        ,E2        ,5,1.1,          ,                
28,SI     ,14,14,4979.92,0.08,0+                ,35 FS 2                  ,3200.7,0.5,E2        ,9.5,0.6,          ,                
28,SI     ,14,14,8543.56,0.2,6+                ,11.4 FS 1                ,3925.1,0.3,[E2]      ,10.6,1,          ,                
28,SI     ,14,14,9164.68,0.17,(4+)              ,28 FS 3                  ,1748.3,        ,[E2]      ,11.1,1.8,          ,                
28,SI     ,14,14,1779.03,0.011,2+                ,475 FS 17                ,1778.969,0.011,E2        ,13.2,0.5,          ,                
28,SI     ,14,14,4617.86,0.04,4+                ,37 FS 4                  ,2838.29,0.15,(E2)      ,16.4,1.8,          ,                
28,SI     ,14,14,8945.2,0.13,5+                ,58 FS 6                  ,2057.4,        ,(M1+E2)   ,18,                ,,
28,SI     ,14,14,9417.17,0.14,4+                ,78 FS 12                 ,1483.6,        ,(E2)      ,23,5,          ,                
28,SI     ,14,14,9164.68,0.17,(4+)              ,28 FS 3                  ,1784,        ,[E2]      ,30,4,          ,                
29,SI     ,14,15,5811.7,0.7,7/2+              ,32 FS 12                 ,2745.3,1.1,M1+E2     ,0.04,+0.05-0.04      ,,
29,SI     ,14,15,4079.9,0.3,7/2+              ,44 FS 12                 ,2051.9,0.5,M1+E2     ,0.18,0.11,,
29,SI     ,14,15,4895.2,0.4,5/2+              ,12 FS 5                  ,4893.8,1.2,(E2)      ,0.6,0.3,          ,                
29,SI     ,14,15,3067.13,0.05,5/2+              ,33 FS 1                  ,1038.89,0.1,M1+E2     ,0.7,+0.8-0.7        ,,
29,SI     ,14,15,5284.7,0.5,7/2+              ,6 FS 3                   ,3256.3,0.5,M1+E2     ,1.1,0.6,,
29,SI     ,14,15,1273.387,0.009,3/2+              ,291 FS 10                ,1273.361,0.009,M1+E2     ,4.1,0.4,,
29,SI     ,14,15,2425.97,0.03,3/2+              ,18.1 FS 0.7              ,2425.73,0.2,M1+E2     ,5.5,2.2,,
29,SI     ,14,15,4079.9,0.3,7/2+              ,44 FS 12                 ,2806.3,0.3,(E2)      ,7.5,2.2,          ,                
29,SI     ,14,15,7139,1,(11/2+)           ,29 FS 10                 ,1486.9,        ,(M1+E2)   ,8,4,,
29,SI     ,14,15,3067.13,0.05,5/2+              ,33 FS 1                  ,1793.83,0.08,M1+E2     ,8.8,1.4,,
29,SI     ,14,15,5652.2,0.7,9/2+              ,51 FS 3                  ,1572.2,0.6,M1+E2     ,9.9,2.5,,
29,SI     ,14,15,4741.1,0.3,(9/2+)            ,36 FS 7                  ,2712.8,0.3,(E2)      ,19,4,          ,                
30,SI     ,14,16,5614.04,0.13,2+                ,21 FS LT                 ,1844.4,0.16,M1+E2     ,0.15,                ,,
30,SI     ,14,16,6914.79,0.24,(2+)              ,24 FS LT                 ,4679.2,0.3,M1+E2     ,0.16,                ,,
30,SI     ,14,16,4810.31,0.11,2+                ,104 FS 15                ,4810,0.3,E2        ,0.17,0.03,          ,                
30,SI     ,14,16,4810.31,0.11,2+                ,104 FS 15                ,2574.8,0.5,M1+E2     ,0.23,0.11,,
30,SI     ,14,16,4830.85,0.04,3+                ,83 FS 24                 ,2595.39,0.04,M1+E2     ,0.51,0.17,,
30,SI     ,14,16,3787.72,0.04,0+                ,8.3 PS 0.5               ,1552.36,0.04,E2        ,1.4,AP              ,          ,                
30,SI     ,14,16,3769.48,0.04,1+                ,36 FS 9                  ,1534.12,0.04,M1+E2     ,1.5,1.1,,
30,SI     ,14,16,3498.49,0.03,2+                ,58 FS 17                 ,3498.33,0.05,E2        ,1.7,0.5,          ,                
30,SI     ,14,16,5231.38,0.07,3+                ,43 FS 21                 ,1732.7,0.1,M1+E2     ,1.8,+2-1.8          ,,
30,SI     ,14,16,4810.31,0.11,2+                ,104 FS 15                ,1311.8,0.14,M1+E2     ,2.8,2,,
30,SI     ,14,16,5372.2,0.6,0+                ,59 FS 21                 ,3136.6,0.7,E2        ,3.4,1.7,          ,                
30,SI     ,14,16,5950.73,0.15,4+                ,15 FS 8                  ,2452.6,1.3,(E2)      ,4,3,          ,                
30,SI     ,14,16,7223.2,0.4,4+                ,14 FS LT                 ,1991.5,0.4,M1+E2     ,4.5,                ,,
30,SI     ,14,16,5279.37,0.14,4+                ,83 FS 22                 ,3043.2,0.1,(E2)      ,4.7,1.3,          ,                
30,SI     ,14,16,2235.322,0.018,2+                ,215 FS 28                ,2235.23,0.02,E2        ,8.5,1.1,          ,                
30,SI     ,14,16,5950.73,0.15,4+                ,15 FS 8                  ,3714.9,0.2,(E2)      ,9,5,          ,                
30,SI     ,14,16,3498.49,0.03,2+                ,58 FS 17                 ,1263.13,0.03,M1+E2     ,9,6,,
31,SI     ,14,17,2788.03,0.07,(5/2+)            ,14 FS 14                 ,2787.9,1.2,(M1+E2)   ,1.3,+1.5-1.3        ,,
31,SI     ,14,17,1694.91,0.04,5/2+              ,0.57 PS 0.15             ,1694.87,0.05,(M1+E2)   ,12,4,,
31,SI     ,14,17,2316.93,0.1,3/2+              ,38 FS 15                 ,2316.8,0.14,(M1+E2)   ,34,                ,,
32,SI     ,14,18,4230.8,0.8,2+                ,0.26 PS 0.09             ,4230,1.5,[E2]      ,0.17,0.06,          ,                
32,SI     ,14,18,4230.8,0.8,2+                ,0.26 PS 0.09             ,2289.4,0.8,M1+E2     ,0.8,0.6,,
32,SI     ,14,18,4983.9,1.1,0+                ,0.30 PS LT               ,3042.3,1,[E2]      ,1.2,                ,          ,                
32,SI     ,14,18,6242,5,0+                ,55 FS LE                 ,4301,        ,[E2]      ,1.2,                ,          ,                
32,SI     ,14,18,1941.4,0.3,2+                ,0.78 PS 0.22             ,1941.4,0.3,E2        ,4.4,1.3,          ,                
34,SI     ,14,20,3327.14,0.2,2+                ,82 FS 32                 ,3326.96,0.2,[E2]      ,2.6,1,          ,                
29,P      ,15,14,1953.91,0.17,5/2+              ,268 FS 21                ,570.35,        ,(M1+E2)   ,0.8,+2.6-0.8        ,,
29,P      ,15,14,4080.5,0.3,7/2+              ,11 FS 1                  ,2126.3,        ,(M1+E2)   ,1.6,0.6,,
29,P      ,15,14,2422.7,0.3,3/2+              ,19 FS 3                  ,2422.5,        ,(M1+E2)   ,2.6,0.7,,
29,P      ,15,14,1383.55,0.07,3/2+              ,151 FS 12                ,1383.48,        ,(M1+E2)   ,2.7,0.5,,
29,P      ,15,14,2422.7,0.3,3/2+              ,19 FS 3                  ,1039.1,        ,(M1+E2)   ,12,+23-12          ,,
29,P      ,15,14,3105.9,0.3,5/2+              ,23 FS 10                 ,1722.2,        ,(M1+E2)   ,13,7,,
30,P      ,15,15,1454.23,0.02,2+                ,4.5 PS 0.5               ,1454.23,0.02,M1+E2     ,0.15,0.04,,
30,P      ,15,15,1973.27,0.04,3+                ,1.9 PS 0.6               ,1973.27,0.04,(E2+M3)   ,0.75,0.24,,
30,P      ,15,15,2723.72,0.07,2+                ,112 FS 10                ,2723.72,0.07,M1+E2     ,5.7,0.6,,
30,P      ,15,15,2538.95,0.05,(3+)              ,151 FS 14                ,2538.95,0.05,(E2+M3)   ,6.2,0.6,,
30,P      ,15,15,1973.27,0.04,3+                ,1.9 PS 0.6               ,1264.57,0.05,(E2+M3)   ,10,3,,
31,P      ,15,16,3295,0.2,5/2+              ,88 FS 10                 ,3294.7,0.7,[E2]      ,0.024,0.005,          ,                
31,P      ,15,16,5530,1.5,"(5/2,7/2)+        ",11 FS 5                  ,3296,        ,M1+E2     ,0.09,0.07,,
31,P      ,15,16,5530,1.5,"(5/2,7/2)+        ",11 FS 5                  ,3296,        ,M1+E2     ,0.09,0.07,,
31,P      ,15,16,4634.2,0.8,7/2+              ,68 FS 10                 ,3367.6,0.7,[E2]      ,0.1,0.04,          ,                
31,P      ,15,16,5891.9,2,9/2+              ,23 FS 6                  ,2477.3,0.6,M1+E2     ,0.17,0.12,,
31,P      ,15,16,7117.7,1,9/2+              ,17 FS LE                 ,3703,        ,M1+E2     ,0.2,                ,,
31,P      ,15,16,5773.5,1.6,(7/2+)            ,22 FS 7                  ,4507,        ,[E2]      ,0.43,0.18,          ,                
31,P      ,15,16,5116,1.5,5/2+              ,10.4 FS 3.5              ,3849.6,        ,M1+E2     ,0.43,0.22,,
31,P      ,15,16,3414.6,0.3,7/2+              ,219 FS 17                ,1181,0.2,M1+E2     ,0.56,0.22,,
31,P      ,15,16,6046.4,2.6,7/2+              ,22 FS 10                 ,3812.3,        ,M1+E2     ,0.6,0.4,,
31,P      ,15,16,4260.4,1,3/2+              ,10.4 FS 3.5              ,2994.1,        ,M1+E2     ,0.6,0.3,,
31,P      ,15,16,6931.4,2,5/2+              ,28 FS LT                 ,4697.2,        ,M1+E2     ,0.64,                ,,
31,P      ,15,16,4260.4,1,3/2+              ,10.4 FS 3.5              ,4260.4,        ,M1+E2     ,0.7,0.3,,
31,P      ,15,16,4634.2,0.8,7/2+              ,68 FS 10                 ,2399.7,0.5,M1+E2     ,0.76,0.21,,
31,P      ,15,16,4592.5,1,3/2+              ,12 FS 4                  ,4592.5,        ,[E2]      ,1,0.4,          ,                
31,P      ,15,16,4190.9,1,5/2+              ,4.9 FS 2.1               ,2924.7,0.6,M1+E2     ,1,1,,
31,P      ,15,16,5342.9,1.5,9/2+              ,36 FS 8                  ,3109.4,0.6,E2        ,1.4,0.4,          ,                
31,P      ,15,16,6078.1,1.8,9/2+              ,22 FS 10                 ,2783.6,        ,[E2]      ,1.5,1.2,          ,                
31,P      ,15,16,3506.1,0.6,3/2+              ,8.8 FS 1.3               ,3506.1,        ,M1+E2     ,1.6,0.4,,
31,P      ,15,16,6078.1,1.8,9/2+              ,22 FS 10                 ,1444.2,0.3,M1+E2     ,2.2,+3-2.2          ,,
31,P      ,15,16,4783.4,1.1,5/2+              ,6.9 FS 2.8               ,4783.4,        ,E2        ,2.4,1,          ,                
31,P      ,15,16,5342.9,1.5,9/2+              ,36 FS 8                  ,2048.3,0.4,E2        ,2.9,1,          ,                
31,P      ,15,16,5116,1.5,5/2+              ,10.4 FS 3.5              ,2882,        ,M1+E2     ,3,+4-3            ,,
31,P      ,15,16,6078.1,1.8,9/2+              ,22 FS 10                 ,3844.6,0.1,E2        ,3.3,1.6,          ,                
31,P      ,15,16,4592.5,1,3/2+              ,12 FS 4                  ,3326.1,        ,M1+E2     ,4,3,,
31,P      ,15,16,3295,0.2,5/2+              ,88 FS 10                 ,2028.8,0.2,M1+E2     ,4.1,0.6,,
31,P      ,15,16,1266.13,0.12,3/2+              ,0.523 PS 0.018           ,1266.1,0.1,M1+E2     ,4.2,0.6,,
31,P      ,15,16,6452.7,1,11/2+             ,23 FS 10                 ,1819.6,0.6,[E2]      ,4.9,2.3,          ,                
31,P      ,15,16,5891.9,2,9/2+              ,23 FS 6                  ,3658.2,0.5,E2        ,5.4,1.5,          ,                
31,P      ,15,16,2233.6,0.1,5/2+              ,269 FS 18                ,2233.6,0.1,E2        ,6.4,0.5,          ,                
31,P      ,15,16,7442.3,0.3,11/2+             ,10 FS LE                 ,4027.5,0.5,E2        ,7.6,                ,          ,                
31,P      ,15,16,3414.6,0.3,7/2+              ,219 FS 17                ,2148.4,0.1,E2        ,9.5,0.8,          ,                
31,P      ,15,16,6452.7,1,11/2+             ,23 FS 10                 ,3039.2,0.4,E2        ,14,7,          ,                
31,P      ,15,16,4634.2,0.8,7/2+              ,68 FS 10                 ,1339.6,0.3,M1+E2     ,14,4,,
31,P      ,15,16,4634.2,0.8,7/2+              ,68 FS 10                 ,1219.4,0.1,M1+E2     ,18,7,,
31,P      ,15,16,3295,0.2,5/2+              ,88 FS 10                 ,1061.6,0.2,M1+E2     ,25,7,,
31,P      ,15,16,5530,1.5,"(5/2,7/2)+        ",11 FS 5                  ,2115.3,        ,M1+E2     ,35,25,,
31,P      ,15,16,5530,1.5,"(5/2,7/2)+        ",11 FS 5                  ,2115.3,        ,M1+E2     ,35,25,,
32,P      ,15,17,3797.3,0.4,(3+)              ,49 FS 26                 ,3717.8,0.7,M1+E2     ,0.16,+0.21-0.16      ,,
32,P      ,15,17,2177.2,0.2,3+                ,53 FS 10                 ,2099,0.3,M1+E2     ,0.7,0.4,,
32,P      ,15,17,3149.3,0.3,4+                ,345 FS 25                ,971.7,1.4,M1+E2     ,0.8,0.6,,
32,P      ,15,17,2217.79,0.11,2+                ,166 FS 17                ,2217.7,0.12,M1+E2     ,1,0.7,,
32,P      ,15,17,2657.53,0.09,2+                ,8.3 FS 2.8               ,2657.41,0.1,M1+E2     ,1.6,0.8,,
32,P      ,15,17,3004.6,0.8,3+                ,60 FS 3                  ,827.3,0.9,M1+E2     ,1.9,+5.5-1.9        ,,
32,P      ,15,17,4743.3,0.4,5+                ,                         ,2565.9,0.5,(E2+M3)   ,2.4,0.8,          ,                
32,P      ,15,17,1149.39,0.03,1+                ,183 FS 12                ,1071.31,0.04,M1+E2     ,3,3,,
32,P      ,15,17,3004.6,0.8,3+                ,60 FS 3                  ,1681.7,0.9,M1+E2     ,3.8,1.1,,
32,P      ,15,17,1755,0.1,3+                ,430 FS 28                ,432.15,0.11,M1+E2     ,4,+7-4            ,,
32,P      ,15,17,1755,0.1,3+                ,430 FS 28                ,1676.89,0.11,M1+E2     ,6,0.9,,
32,P      ,15,17,3149.3,0.3,4+                ,345 FS 25                ,1393.9,1.4,M1+E2     ,6.6,0.6,,
32,P      ,15,17,2217.79,0.11,2+                ,166 FS 17                ,894.93,0.12,M1+E2     ,23,6,,
33,P      ,15,18,4048.4,0.5,5/2+              ,62 FS 21                 ,4048,        ,[E2]      ,0.07,0.05,          ,                
33,P      ,15,18,4048.4,0.5,5/2+              ,62 FS 21                 ,2616.5,0.8,M1+E2     ,0.29,0.16,,
33,P      ,15,18,3490.6,0.3,5/2+              ,58 FS 12                 ,2058.8,0.4,(M1+E2)   ,0.5,+0.6-0.4        ,,
33,P      ,15,18,2538.6,0.3,3/2+              ,35 FS 7                  ,2538.5,0.5,(M1+E2)   ,0.5,0.4,,
33,P      ,15,18,4193.4,1.2,5/2+              ,104 FS 35                ,4193.5,2.5,[E2]      ,0.64,0.22,          ,                
33,P      ,15,18,1431.7,0.2,3/2+              ,0.43 PS 0.07             ,1431.7,0.2,M1+E2     ,10,4,,
34,P      ,15,19,1607.77,0.2,1+                ,0.52 PS +0.45-0.14       ,1607.7,0.5,M1+E2     ,0.09,0.09,,
34,P      ,15,19,1607.77,0.2,1+                ,0.52 PS +0.45-0.14       ,1178.63,0.19,(M1+E2)   ,24,+16-24          ,,
31,S      ,16,15,1248.87,0.09,3/2+              ,0.50 PS 0.12             ,1248.86,0.1,M1+E2     ,7,2,,
31,S      ,16,15,2234.29,0.14,5/2+              ,222 FS 55                ,2234.2,0.2,E2        ,7.8,2.2,          ,                
32,S      ,16,16,7115.3,1,2+                ,1.73 FS 0.35             ,4884.2,        ,M1+E2     ,2,0.5,,
32,S      ,16,16,6851.5,1.5,4+                ,66 FS 17                 ,2570.8,        ,E2        ,8,3,          ,                
32,S      ,16,16,3778.4,1,0+                ,0.89 PS 0.09             ,1548.8,1.5,[E2]      ,11.8,1.2,          ,                
32,S      ,16,16,4459.1,0.8,4+                ,124 FS 27                ,2229.4,1.2,E2        ,14,3,          ,                
33,S      ,16,17,4095.09,0.17,7/2+              ,31 FS 8                  ,4096,0.5,E2        ,0.09,0.04,          ,                
33,S      ,16,17,3934.73,0.06,3/2+              ,24 FS 7                  ,3935,0.5,(M1+E2)   ,0.1,0.09,,
33,S      ,16,17,3831.6,0.3,5/2+              ,30 FS 8                  ,3831.9,0.9,(M1+E2)   ,0.25,0.09,,
33,S      ,16,17,2313.399,0.014,3/2+              ,109 FS 17                ,2313.34,0.07,M1+E2     ,0.26,0.13,,
33,S      ,16,17,2867.626,0.02,5/2+              ,10.8 FS 3.5              ,2867.47,0.04,M1+E2     ,0.6,0.5,,
33,S      ,16,17,3934.73,0.06,3/2+              ,24 FS 7                  ,3093.7,0.3,[M1+E2]   ,1,0.4,,
33,S      ,16,17,2313.399,0.014,3/2+              ,109 FS 17                ,1472.411,0.013,M1+E2     ,1.2,+2-1.2          ,,
33,S      ,16,17,4095.09,0.17,7/2+              ,31 FS 8                  ,2127.7,0.2,(M1+E2)   ,1.5,0.6,,
33,S      ,16,17,4048.56,0.08,9/2+              ,211 FS 53                ,1079.2,0.1,(M1+E2)   ,2.6,1,,
33,S      ,16,17,2867.626,0.02,5/2+              ,10.8 FS 3.5              ,2026.6,        ,E2        ,3.6,1.3,          ,                
33,S      ,16,17,840.982,0.012,1/2+              ,1.15 PS 0.12             ,840.974,0.014,M1+E2     ,6,4,,
33,S      ,16,17,1967.19,0.03,5/2+              ,94 FS 14                 ,1967.2,0.06,M1+E2     ,8,3,,
33,S      ,16,17,1967.19,0.03,5/2+              ,94 FS 14                 ,1126,0.6,E2        ,37,8,          ,                
34,S      ,16,18,4876.839,0.024,3+                ,40 FS 15                 ,2749.24,0.05,M1+E2     ,0.09,0.06,,
34,S      ,16,18,5380.99,0.04,1+                ,49 FS LT                 ,3253.21,0.06,M1+E2     ,0.22,                ,,
34,S      ,16,18,4889.756,0.022,2+                ,29 FS 10                 ,4889.3,0.08,E2        ,0.35,0.13,          ,                
34,S      ,16,18,4114.813,0.023,2+                ,73 FS 6                  ,4114.52,0.04,E2        ,0.57,0.09,          ,                
34,S      ,16,18,3304.212,0.013,2+                ,136 FS 7                 ,3304.031,0.02,E2        ,0.75,0.04,          ,                
34,S      ,16,18,4876.839,0.024,3+                ,40 FS 15                 ,1572.57,0.05,M1+E2     ,0.8,0.8,,
34,S      ,16,18,4114.813,0.023,2+                ,73 FS 6                  ,1987.19,0.03,M1+E2     ,2.3,0.6,,
34,S      ,16,18,3304.212,0.013,2+                ,136 FS 7                 ,1176.65,0.02,M1+E2     ,3.8,1,,
34,S      ,16,18,3916.408,0.021,0+                ,1.12 PS 0.09             ,1788.794,0.02,E2        ,4.2,0.7,          ,                
34,S      ,16,18,2127.564,0.013,2+                ,318 FS 8                 ,2127.499,0.02,E2        ,6.24,0.16,          ,                
34,S      ,16,18,4688.98,0.05,4+                ,88 FS 4                  ,2561.36,0.05,E2        ,8.2,1.4,          ,                
34,S      ,16,18,6251.22,0.19,4+                ,0.42 PS +0.49-0.21       ,1374.34,0.2,M1+E2     ,12,+8-12           ,,
34,S      ,16,18,4074.667,0.014,1+                ,17 FS LT                 ,1947.06,0.02,M1+E2     ,26,                ,,
36,S      ,16,20,3290.9,0.3,2+                ,83 FS 7                  ,3290.8,0.6,E2        ,2.83,0.24,          ,                
33,CL     ,17,16,3816.3,0.3,5/2+              ,                         ,3816.1,0.3,M1+E2     ,0.23,                ,,
33,CL     ,17,16,4112.27,0.2,3/2+              ,3 KEV LT                 ,3280,50,M1+E2     ,0.3,                ,,
33,CL     ,17,16,3816.3,0.3,5/2+              ,                         ,1829.9,        ,M1+E2     ,0.9,                ,,
33,CL     ,17,16,3971.2,0.2,3/2+              ,5 KEV 3                  ,3970.9,0.2,M1+E2     ,1,                ,,
33,CL     ,17,16,2839,0.3,5/2+              ,3 FS 1                   ,2839,0.3,M1+E2     ,1.6,0.9,,
33,CL     ,17,16,2352,0.3,3/2+              ,70 FS 20                 ,2351.9,0.3,M1+E2     ,2.9,1.1,,
33,CL     ,17,16,3816.3,0.3,5/2+              ,                         ,1464.3,        ,M1+E2     ,3.3,                ,,
33,CL     ,17,16,2839,0.3,5/2+              ,3 FS 1                   ,2028.4,        ,[E2]      ,9,5,          ,                
33,CL     ,17,16,1986.3,0.3,5/2+              ,55 FS 11                 ,1986.5,0.4,M1+E2     ,11,3,,
33,CL     ,17,16,2352,0.3,3/2+              ,70 FS 20                 ,1541.5,0.5,M1+E2     ,16,7,,
33,CL     ,17,16,2975.4,0.3,7/2+              ,60 FS 14                 ,989.1,        ,M1+E2     ,21,9,,
33,CL     ,17,16,3816.3,0.3,5/2+              ,                         ,977.3,        ,M1+E2     ,42,                ,,
34,CL     ,17,17,4824.2,0.1,5+                ,0.32 PS 0.1              ,2643.5,0.5,E2        ,0.06,0.03,          ,                
34,CL     ,17,17,4824.2,0.1,5+                ,0.32 PS 0.1              ,4677.4,0.2,E2        ,0.08,0.03,          ,                
34,CL     ,17,17,1230.26,0.04,2+                ,13.6 PS 0.9              ,1083.88,0.1,M1+E2     ,1,0.5,,
34,CL     ,17,17,1887.14,0.05,2+                ,1.2 PS 0.5               ,1740.74,0.1,M1+E2     ,1,0.7,,
34,CL     ,17,17,1230.26,0.04,2+                ,13.6 PS 0.9              ,564.68,0.06,M1+E2     ,2.9,2.2,,
34,CL     ,17,17,1230.26,0.04,2+                ,13.6 PS 0.9              ,769.25,0.07,M1+E2     ,5.3,1.9,,
34,CL     ,17,17,1887.14,0.05,2+                ,1.2 PS 0.5               ,1426.1,0.1,M1+E2     ,5.4,2.3,,
34,CL     ,17,17,2376.5,0.4,4+                ,150 FS 17                ,2230.1,0.4,(M1+E2)   ,6.3,1.6,,
34,CL     ,17,17,2376.5,0.4,4+                ,150 FS 17                ,1146.3,        ,E2        ,20,16,          ,                
34,CL     ,17,17,5314.93,0.17,7+                ,65 PS 8                  ,490.8,0.2,E2        ,35,5,          ,                
35,CL     ,17,18,3002.3,0.13,5/2+              ,21 FS 4                  ,3002.4,0.4,M1+E2     ,0.09,0.05,,
35,CL     ,17,18,4111.98,0.24,7/2+              ,49 FS 11                 ,2348.8,        ,M1+E2     ,0.27,0.1,,
35,CL     ,17,18,3918.49,0.17,3/2+              ,4.9 FS 1.4               ,3918.4,0.6,M1+E2     ,0.63,0.22,,
35,CL     ,17,18,4111.98,0.24,7/2+              ,49 FS 11                 ,4111.7,        ,E2        ,0.72,0.18,          ,                
35,CL     ,17,18,2693.75,0.08,3/2+              ,33 FS 6                  ,2693.6,0.1,M1+E2     ,0.83,0.2,,
35,CL     ,17,18,1219.29,0.11,1/2+              ,126 FS 14                ,1219.3,0.2,M1+E2     ,2.7,0.5,,
35,CL     ,17,18,2645.74,0.08,7/2+              ,159 FS 21                ,2645.7,0.3,E2        ,3.7,0.5,          ,                
35,CL     ,17,18,2693.75,0.08,3/2+              ,33 FS 6                  ,930.9,0.2,M1+E2     ,4,3,,
35,CL     ,17,18,2645.74,0.08,7/2+              ,159 FS 21                ,882.84,0.1,M1+E2     ,4.4,2,,
35,CL     ,17,18,3943.82,0.25,9/2+              ,205 FS 35                ,1297.4,1.5,M1+E2     ,6.9,2.3,,
35,CL     ,17,18,3002.3,0.13,5/2+              ,21 FS 4                  ,1782.9,        ,E2        ,7,3,          ,                
35,CL     ,17,18,3943.82,0.25,9/2+              ,205 FS 35                ,2180,1,[E2]      ,7.1,1.3,          ,                
35,CL     ,17,18,2693.75,0.08,3/2+              ,33 FS 6                  ,1474.8,0.3,M1+E2     ,8,4,,
35,CL     ,17,18,1763.04,0.07,5/2+              ,0.39 PS 0.04             ,1763.13,0.1,M1+E2     ,11.2,1.2,,
36,CL     ,17,19,2676.44,0.007,"1+,(2+)           ",21 FS 3                  ,2676.323,0.017,M1+E2     ,0.06,+0.23-0.06      ,,
36,CL     ,17,19,2676.44,0.007,"1+,(2+)           ",21 FS 3                  ,2676.323,0.017,M1+E2     ,0.06,+0.23-0.06      ,,
36,CL     ,17,19,1164.8799,0.0009,1+                ,6.9 PS 0.4               ,1164.86,0.005,M1+E2     ,0.5,0.18,,
36,CL     ,17,19,2492.3035,0.0022,2+                ,40 FS 9                  ,1327.396,0.004,M1+E2     ,3,+5-3            ,,
36,CL     ,17,19,788.4328,0.0004,3+                ,14.7 PS 1                ,788.4236,0.0004,M1+E2     ,10,4,,
36,CL     ,17,19,2492.3035,0.0022,2+                ,40 FS 9                  ,532.904,0.004,M1+E2     ,3700,                ,,
37,CL     ,17,20,4016.27,0.09,3/2+              ,0.11 PS 0.04             ,4016,        ,M1+E2     ,0.042,0.023,,
37,CL     ,17,20,4016.27,0.09,3/2+              ,0.11 PS 0.04             ,2289.6,        ,M1+E2     ,0.08,+0.1-0.08       ,,
37,CL     ,17,20,4801.21,0.11,5/2+              ,7 FS LT                  ,4800.9,        ,M1+E2     ,0.19,                ,,
37,CL     ,17,20,8812.18,0.18,17/2+             ,0.38 PS 0.11             ,1791.6,0.3,M1+E2     ,0.3,0.3,,
37,CL     ,17,20,5490.68,0.11,5/2+              ,15 FS 6                  ,1782.8,        ,M1+E2     ,0.7,+0.9-0.7        ,,
37,CL     ,17,20,1726.58,0.04,1/2+              ,0.13 PS 0.02             ,1726.4,0.2,M1+E2     ,2.3,0.5,,
37,CL     ,17,20,3086.12,0.07,5/2+              ,37 FS 8                  ,3086.2,0.2,M1+E2     ,2.6,0.6,,
37,CL     ,17,20,3707.79,0.09,3/2+              ,44 FS 14                 ,1981.2,        ,M1+E2     ,5,3,,
37,CL     ,17,20,4016.27,0.09,3/2+              ,0.11 PS 0.04             ,930,        ,M1+E2     ,12,10,,
32,AR     ,18,14,1867,8,2+                ,0.46 PS 0.12             ,1867,8,[E2]      ,8.9,2.3,          ,                
34,AR     ,18,16,3287.7,0.5,2+                ,194 FS 35                ,3286,4,[E2]      ,0.1,0.07,          ,                
34,AR     ,18,16,3287.7,0.5,2+                ,194 FS 35                ,1196.6,0.4,M1+E2     ,2.4,2,,
34,AR     ,18,16,2091.1,0.3,2+                ,319 FS 42                ,2091.1,0.3,E2        ,6.8,0.9,          ,                
34,AR     ,18,16,3873,3,0+                ,187 FS GT                ,1782,3,[E2]      ,21,                ,          ,                
36,AR     ,18,18,6356,0.6,4+                ,0.31 PS 0.1              ,4385.3,        ,E2        ,0.07,0.03,          ,                
36,AR     ,18,18,7139.6,0.4,3+                ,69 FS 35                 ,2699.4,        ,M1+E2     ,0.29,0.17,,
36,AR     ,18,18,4440.11,0.19,2+                ,76 FS 14                 ,4439.8,        ,E2        ,0.39,0.08,          ,                
36,AR     ,18,18,7767,0.4,6+                ,76 FS 11                 ,3352.5,0.8,E2        ,0.75,0.12,          ,                
36,AR     ,18,18,4440.11,0.19,2+                ,76 FS 14                 ,2469.6,        ,M1+E2     ,2.3,                ,,
36,AR     ,18,18,1970.38,0.05,2+                ,328 FS 20                ,1970.3,        ,E2        ,8.2,0.5,          ,                
36,AR     ,18,18,4414.4,0.16,4+                ,76 FS 10                 ,2443.9,        ,E2        ,12,1.6,          ,                
37,AR     ,18,19,3601.8,0.4,3/2+              ,23 FS 5                  ,3601.7,0.4,M1+E2     ,0.24,0.11,,
37,AR     ,18,19,6150.45,0.24,13/2+             ,3.1 PS 0.3               ,937.19,0.18,M1+E2     ,0.28,0.08,,
37,AR     ,18,19,3170,0.5,5/2+              ,56 FS 5                  ,3169.9,0.5,M1+E2     ,0.73,0.23,,
37,AR     ,18,19,2796.15,0.08,5/2+              ,14 FS 4                  ,2796.04,0.22,M1+E2     ,0.79,0.25,,
37,AR     ,18,19,4283.87,0.25,7/2+              ,28 FS 14                 ,1488.1,0.3,M1+E2     ,1,+1.4-1          ,,
37,AR     ,18,19,3937.1,0.4,3/2+              ,17 FS 10                 ,3936.8,0.6,M1+E2     ,1.1,0.9,,
37,AR     ,18,19,4624.4,0.5,7/2+              ,6.9 FS LT                ,4624,1,E2        ,1.9,                ,          ,                
37,AR     ,18,19,2217,0.23,7/2+              ,283 FS 22                ,2217.1,0.3,E2        ,4.6,0.5,          ,                
37,AR     ,18,19,4743.4,1,7/2+              ,6.9 FS LT                ,4743.1,1,E2        ,4.7,                ,          ,                
37,AR     ,18,19,3937.1,0.4,3/2+              ,17 FS 10                 ,2527.2,0.4,M1+E2     ,6,4,,
37,AR     ,18,19,6473.28,0.24,15/2+             ,4.9 PS 0.7               ,322.8,0.08,M1+E2     ,9,7,,
38,AR     ,18,20,6276.1,0.4,4+                ,81 FS 35                 ,4108.4,        ,[E2]      ,0.36,+0.42-0.15      ,          ,                
38,AR     ,18,20,9339.2,0.4,8+                ,73 FS 17                 ,2931,1,[E2]      ,0.8,+0.5-0.3        ,          ,                
38,AR     ,18,20,5349.4,0.3,4+                ,0.14 PS 0.04             ,3182.2,0.7,E2        ,1,+0.5-0.3        ,          ,                
38,AR     ,18,20,3376.9,0.3,0+                ,22.8 PS 1.5              ,1209.4,0.3,E2        ,1.26,0.08,          ,                
38,AR     ,18,20,3936.5,0.4,2+                ,43 FS 5                  ,3936.1,0.5,[E2]      ,1.71,+0.24-0.19      ,          ,                
38,AR     ,18,20,6408.32,0.1,6+                ,1.0 PS 0.3               ,1058,1,[E2]      ,1.8,+1.2-0.6        ,          ,                
38,AR     ,18,20,6276.1,0.4,4+                ,81 FS 35                 ,2339.5,        ,[E2]      ,1.9,+2.8-1          ,          ,                
38,AR     ,18,20,5594.6,0.6,2+                ,60 FS 18                 ,2217.6,        ,[E2]      ,3.3,+2.6-1.3        ,          ,                
38,AR     ,18,20,2167.472,0.012,2+                ,0.458 PS 0.021           ,2167.405,0.012,E2        ,3.4,0.16,          ,                
38,AR     ,18,20,6053.2,0.4,(4+)              ,71 FS 14                 ,2116,1,[E2]      ,5.5,+2.7-1.7        ,          ,                
38,AR     ,18,20,9339.2,0.4,8+                ,73 FS 17                 ,1848,1,[E2]      ,5.6,+3.3-2          ,          ,                
38,AR     ,18,20,8077.2,0.22,7+                ,0.11 PS 0.03             ,1669,0.3,M1+E2     ,17,+15-8           ,,
38,AR     ,18,20,9339.2,0.4,8+                ,73 FS 17                 ,2051.3,0.6,E2        ,20,+8-5            ,          ,                
38,AR     ,18,20,6053.2,0.4,(4+)              ,71 FS 14                 ,1488,1,[E2]      ,25,+13-8           ,          ,                
38,AR     ,18,20,5349.4,0.3,4+                ,0.14 PS 0.04             ,784,1,[E2]      ,27,+35-18          ,          ,                
38,AR     ,18,20,5349.4,0.3,4+                ,0.14 PS 0.04             ,1413.1,0.4,[E2]      ,28,+16-9           ,          ,                
38,AR     ,18,20,7288.32,0.24,6+                ,27 FS 13                 ,1236,1,[E2]      ,33,+53-18          ,          ,                
38,AR     ,18,20,7288.32,0.24,6+                ,27 FS 13                 ,1939.4,0.7,E2        ,70,+7E+1-3E+1      ,          ,                
38,AR     ,18,20,4709.3,1,0+                ,1.7 PS +2.1-0.7          ,772.8,0.9,[E2]      ,160,+1.1E+2-0.9E+2  ,          ,                
37,K      ,19,18,2750.22,0.08,5/2+              ,1.4 FS 0.3               ,2750.1,        ,M1+E2     ,2.8,0.9,,
38,K      ,19,19,1697.65,0.25,1+                ,48 FS 10                 ,1698,        ,[E2]      ,0.09,+0.08-0.06      ,          ,                
38,K      ,19,19,2401.12,0.19,2+                ,52 FS 15                 ,1942.5,0.1,M1+E2     ,0.28,+0.26-0.13      ,,
38,K      ,19,19,2401.12,0.19,2+                ,52 FS 15                 ,2270.5,0.9,[E2]      ,1.8,+1.4-0.8        ,          ,                
38,K      ,19,19,458.53,0.16,1+                ,7.0 PS 0.6               ,458.6,0.3,[E2]      ,5.2,+1.5-1.2        ,          ,                
39,K      ,19,20,3938.9,0.5,3/2+              ,73 FS 14                 ,3938.3,1,M1+E2     ,0.6,+0.5-0.4        ,,
39,K      ,19,20,4930.3,0.4,3/2+              ,21 FS 9                  ,4931.4,1.2,M1+E2     ,0.6,+0.8-0.4        ,,
39,K      ,19,20,4514.3,1.3,5/2+              ,19 FS 7                  ,4514,1.4,M1+E2     ,1,+0.9-0.5        ,,
39,K      ,19,20,4930.3,0.4,3/2+              ,21 FS 9                  ,2407.4,0.3,M1+E2     ,2.7,                ,,
39,K      ,19,20,3938.9,0.5,3/2+              ,73 FS 14                 ,1416.2,0.4,M1+E2     ,3.8,+3-1.9          ,,
39,K      ,19,20,7776.31,0.22,17/2+             ,1.0 PS 0.3               ,1301.18,0.11,M1+E2     ,3.9,+4-2.2          ,,
39,K      ,19,20,2522.75,0.25,1/2+              ,63 FS 6                  ,2522.4,0.3,M1+E2     ,5.2,+1.5-1.2        ,,
39,K      ,19,20,7776.31,0.22,17/2+             ,1.0 PS 0.3               ,1341.7,0.4,E2        ,8.9,+4.7-2.3        ,          ,                
40,CA     ,20,20,7976.55,0.03,2+                ,21 FS 21                 ,4624,        ,[E2]      ,0.24,                ,          ,                
40,CA     ,20,20,7466.35,0.07,2+                ,8 FS 4                   ,4113.5,        ,[E2]      ,0.9,+1.2-0.4        ,          ,                
40,CA     ,20,20,7976.55,0.03,2+                ,21 FS 21                 ,2699,        ,[E2]      ,1.2,                ,          ,                
40,CA     ,20,20,5248.79,0.05,2+                ,83 FS +11-9              ,1896.1,        ,(E2)      ,1.5,+0.6-0.4        ,          ,                
40,CA     ,20,20,7300.67,0.11,0+                ,118 FS 35                ,1671.3,        ,[E2]      ,1.8,+1.8-1          ,          ,                
40,CA     ,20,20,3904.38,0.03,2+                ,35 FS 7                  ,3903.9,0.1,E2        ,2.2,+0.6-0.4        ,          ,                
40,CA     ,20,20,8100.1,0.7,8+                ,12.5 PS 1.7              ,1168.8,0.3,E2        ,2.6,+0.4-0.3        ,          ,                
40,CA     ,20,20,5629.41,0.06,2+                ,40 FS 15                 ,2277,1,[E2]      ,3.3,+2.3-1.1        ,          ,                
40,CA     ,20,20,6507.87,0.13,4+                ,128 FS 21                ,2603.2,0.3,E2        ,3.7,+1.1-0.8        ,          ,                
40,CA     ,20,20,7561.17,0.07,4+                ,0.17 PS 0.04             ,2312.1,1,[E2]      ,3.9,+1.7-1.1        ,          ,                
40,CA     ,20,20,7676.6,0.5,(6+)              ,0.20 PS 0.05             ,2399.2,0.5,(E2)      ,4.4,+1.5-0.9        ,          ,                
40,CA     ,20,20,7300.67,0.11,0+                ,118 FS 35                ,2050.3,0.5,[E2]      ,16,+8-4            ,          ,                
40,CA     ,20,20,5211.56,0.17,0+                ,1.02 PS 0.21             ,1307.7,0.3,[E2]      ,17,+4-3            ,          ,                
40,CA     ,20,20,6930.2,0.3,6+                ,0.34 PS +0.09-0.17       ,1651.8,0.4,E2        ,17,+17-4           ,          ,                
40,CA     ,20,20,6542.8,0.09,4+                ,121 FS 21                ,1294,        ,(E2)      ,22,+10-7           ,          ,                
40,CA     ,20,20,6507.87,0.13,4+                ,128 FS 21                ,1259,        ,[E2]      ,24,+13-9           ,          ,                
40,CA     ,20,20,5248.79,0.05,2+                ,83 FS +11-9              ,1344.4,0.3,M1+E2     ,25,+8-6            ,,
40,CA     ,20,20,3904.38,0.03,2+                ,35 FS 7                  ,551.8,        ,[E2]      ,49,                ,          ,                
40,CA     ,20,20,5278.8,0.06,4+                ,0.21 PS 0.04             ,1374,0.3,E2        ,67,+17-12          ,          ,                
40,CA     ,20,20,6542.8,0.09,4+                ,121 FS 21                ,913.3,        ,E2        ,170,+0.7E+2-0.5E+2  ,          ,                
