A,Element	,A,N,Energy,Unc,JPi,T1/2 (txt),E Gamma   	,Unc,I Gamma  Unc,M Gamma   	,M Ratio,Unc    Conv C              Unc,B(M1),Unc,  B(E2),Unc
16,O      	,8,8,9844.5,5,2+,0.62 KEV 10,2927.1    	,8,347,[M1]      	,        	,       	                   	,0.0042    	,, 8	,	
18,O      	,8,10,3920.44,14,2+,18.4 FS 20,1938      	,,87.67,M1        	,        	,       	                   	,0.14      	,, 2	,	
18,O      	,8,10,5254.8,9,2+,7.0 FS 3,1334      	,,8.74,M1        	,        	,       	                   	,0.111     	,, 8	,	
18,O      	,8,10,7116.9,12,4+,17 FS LT,3562      	,,69.27,M1        	,        	,       	                   	,0.071     	,,16	,	
18,O      	,8,10,8213,4,2+,1.0 KEV 8,4293      	,,31,M1        	,        	,       	                   	,0.0072    	,,30	,	
19,O      	,8,11,96,5,3/2+,1.39 NS 5,96.0      	,,100,M1        	,        	,       	                   	,0.088     	,,38	,	
19,O      	,8,11,1471.7,4,1/2+,0.88 PS 12,1375.7    	,,982,M1        	,        	,       	                   	,0.0093    	,,15	,	
18,F      	,9,9,1041.55,8,0+,1.77 FS 31,1041      	,,100,M1        	,        	,       	                   	,10.9      	,,21	,	
18,F      	,9,9,1700.81,18,1+,662 FS 19,659       	,,70.213,M1        	,        	,       	                   	,0.0805    	,,27	,	
18,F      	,9,9,1700.81,18,1+,662 FS 19,1701      	,,29.813,M1        	,        	,       	                   	,0.00200   	,,11	,	
18,F      	,9,9,3061.84,18,2+,0.83 FS LT,3061      	,,23.28,M1        	,        	,       	                   	,0.2       	,GT,  	,	
18,F      	,9,9,3061.84,18,2+,0.83 FS LT,2125      	,,76.78,M1        	,        	,       	                   	,2         	,GT,  	,	
18,F      	,9,9,3358.2,10,3+,0.30 PS 2,835       	,,63,M1        	,-0.4    	,      5	                   	,0.0074    	,,37	,	
18,F      	,9,9,3358.2,10,3+,0.30 PS 2,2421      	,,93,M1        	,        	,       	                   	,0.00047   	,,17	,	
18,F      	,9,9,3839.17,22,2+,13.2 FS 19,2902      	,,8.914,M1        	,-0.3    	,      3	                   	,0.0060    	,,12	,	
18,F      	,9,9,3839.17,22,2+,13.2 FS 19,2138      	,,310,M1        	,        	,       	                   	,0.0049    	,, 2	,	
18,F      	,9,9,3839.17,22,2+,13.2 FS 19,777       	,,503,M1        	,-0.1    	,      3	                   	,1.7       	,, 3	,	
18,F      	,9,9,4115.9,25,3+,63 FS 15,1054      	,,953,M1        	,0.06    	,      7	                   	,0.28      	,, 7	,	
18,F      	,9,9,4360.15,26,1+,19 FS 7,1298      	,,100,M1        	,        	,       	                   	,0.5       	,, 2	,	
18,F      	,9,9,5297.6,15,4+,21 FS 3,1940      	,,51,M1+E2     	,2.5     	,      8	                   	,0.00037   	,,31	5.5,	27
18,F      	,9,9,5297.6,15,4+,21 FS 3,646       	,,1.33,M1        	,        	,       	                   	,0.019     	,, 9	,	
18,F      	,9,9,5603.38,27,1+,43.3 EV 16,4561      	,,3.812,M1        	,        	,       	                   	,0.0090    	,,30	,	
18,F      	,9,9,5603.38,27,1+,43.3 EV 16,2541      	,,79.559,M1        	,        	,       	                   	,1.1       	,, 2	,	
18,F      	,9,9,6163.2,9,3+,14.0 KEV 5,3640      	,,5.54,M1        	,        	,       	                   	,0.052     	,,17	,	
18,F      	,9,9,6163.2,9,3+,14.0 KEV 5,3101      	,,1.33,M1        	,        	,       	                   	,0.019     	,,10	,	
18,F      	,9,9,6163.2,9,3+,14.0 KEV 5,2324      	,,2516,M1        	,        	,       	                   	,0.91      	,,23	,	
18,F      	,9,9,6163.2,9,3+,14.0 KEV 5,2047      	,,1.53,M1        	,        	,       	                   	,0.078     	,,33	,	
18,F      	,9,9,6283.2,9,2+,10.0 KEV 5,2925      	,,2.33,M1        	,        	,       	                   	,0.078     	,,27	,	
18,F      	,9,9,6283.2,9,2+,10.0 KEV 5,2559      	,,1.45,M1        	,        	,       	                   	,0.071     	,,34	,	
18,F      	,9,9,6283.2,9,2+,10.0 KEV 5,2444      	,,15.814,M1        	,        	,       	                   	,0.91      	,,29	,	
18,F      	,9,9,6283.2,9,2+,10.0 KEV 5,4582      	,,5.76,M1        	,        	,       	                   	,0.050     	,,15	,	
18,F      	,9,9,6283.2,9,2+,10.0 KEV 5,2167      	,,3.92,M1        	,        	,       	                   	,0.33      	,,11	,	
18,F      	,9,9,6283.2,9,2+,10.0 KEV 5,3760      	,,0.32,M1        	,        	,       	                   	,0.0048    	,,34	,	
18,F      	,9,9,6283.2,9,2+,10.0 KEV 5,1923      	,,0.54,M1        	,        	,       	                   	,0.06      	,, 5	,	
18,F      	,9,9,6310.5,8,3+,0.95 KEV 14,2195      	,,2.417,M1        	,        	,       	                   	,0.018     	,,14	,	
18,F      	,9,9,6310.5,8,3+,0.95 KEV 14,1347      	,,1315,M1        	,-0.01   	,     14	                   	,0.62      	,,20	,	
18,F      	,9,9,6310.5,8,3+,0.95 KEV 14,3788      	,,45,M1        	,        	,       	                   	,0.0060    	,,18	,	
18,F      	,9,9,6310.5,8,3+,0.95 KEV 14,3249      	,,573,M1        	,-0.03   	,     10	                   	,0.14      	,, 3	,	
18,F      	,9,9,6310.5,8,3+,0.95 KEV 14,2472      	,,4.61,M1        	,        	,       	                   	,0.025     	,, 9	,	
18,F      	,9,9,6385.5,17,2+,0.49 KEV 9,2547      	,,14.116,M1        	,0.1     	,      2	                   	,0.18      	,, 9	,	
18,F      	,9,9,6385.5,17,2+,0.49 KEV 9,2270      	,,2.35,M1        	,        	,       	                   	,0.041     	,,20	,	
18,F      	,9,9,6385.5,17,2+,0.49 KEV 9,4685      	,,6.817,M1        	,        	,       	                   	,0.014     	,, 7	,	
18,F      	,9,9,6484.9,15,3+,0.40 KEV 10,3423      	,,213,M1        	,        	,       	                   	,0.019     	,, 7	,	
18,F      	,9,9,6484.9,15,3+,0.40 KEV 10,2646      	,,92,M1        	,        	,       	                   	,0.017     	,, 6	,	
18,F      	,9,9,6484.9,15,3+,0.40 KEV 10,1521      	,,22,M1        	,        	,       	                   	,0.02      	,, 2	,	
18,F      	,9,9,6484.9,15,3+,0.40 KEV 10,3962      	,,42,M1        	,        	,       	                   	,0.0023    	,,15	,	
18,F      	,9,9,6567,15,5+,0.56 KEV 13,1269      	,,2.36,M1        	,        	,       	                   	,0.014     	,, 5	,	
19,F      	,9,10,1554.038,9,3/2+,3.5 FS 21,1554.0    	,,2.551,M1        	,        	,       	                   	,0.043     	,,25	,	
19,F      	,9,10,1554.038,9,3/2+,3.5 FS 21,1356.9    	,,92.62,M1        	,        	,       	                   	,2.3       	,,14	,	
19,F      	,9,10,3908.17,20,3/2+,6 FS 3,2354.1    	,,213,M1        	,        	,       	                   	,0.056     	,,33	,	
19,F      	,9,10,3908.17,20,3/2+,6 FS 3,3908.2    	,,482,M1        	,        	,       	                   	,0.12      	,, 7	,	
19,F      	,9,10,3908.17,20,3/2+,6 FS 3,3711.0    	,,142,M1        	,        	,       	                   	,0.0096    	,,53	,	
19,F      	,9,10,5500.7,17,3/2+,4 KEV 1,3946.7    	,,11,M1        	,        	,       	                   	,0.18      	,,  	,	
19,F      	,9,10,6070,1,7/2+,1.2 KEV,3290      	,,233,M1        	,0.06    	,      8	                   	,0.19      	,, 7	,	
19,F      	,9,10,6070,1,7/2+,1.2 KEV,1692      	,,41,M1        	,        	,       	                   	,0.25      	,,10	,	
19,F      	,9,10,6282,2,5/2+,2.4 KEV,4728      	,,202,M1        	,0.11    	,      6	                   	,0.022     	,, 5	,	
19,F      	,9,10,6330,2,7/2+,2.4 KEV,1952      	,,182,M1        	,0.04    	,     20	                   	,0.22      	,, 6	,	
19,F      	,9,10,6500,9,11/2+,2.4 EV GT,3720.2    	,,55,M1        	,        	,       	                   	,0.19      	,,  	,	
19,F      	,9,10,6500,9,11/2+,2.4 EV GT,1852      	,,45,M1        	,        	,       	                   	,1.3       	,,  	,	
19,F      	,9,10,6592,2,9/2+,7.6 EV 18,3812      	,,633,M1        	,-0.20   	,     20	                   	,0.35      	,, 7	,	
19,F      	,9,10,6592,2,9/2+,7.6 EV 18,2214      	,,242,M1        	,0.02    	,      7	                   	,0.35      	,, 7	,	
19,F      	,9,10,7539.6,9,5/2+,0.16 KEV 5,3161.9    	,,273,M1        	,0.042   	,     30	                   	,2.3       	,, 5	,	
19,F      	,9,10,7660.6,9,3/2+,2.2 EV 7,3110.7    	,,5.13,M1        	,-0.11   	,     13	                   	,0.15      	,, 5	,	
19,F      	,9,10,8137.7,12,1/2+,0.3 KEV LE,1883      	,,31,M1        	,        	,       	                   	,0.28      	,,  	,	
19,F      	,9,10,8137.7,12,1/2+,0.3 KEV LE,4229.5    	,,542,M1        	,        	,       	                   	,0.44      	,,  	,	
19,F      	,9,10,8137.7,12,1/2+,0.3 KEV LE,2200      	,,105,M1        	,        	,       	                   	,0.58      	,,  	,	
19,F      	,9,10,8310,12,5/2+,0.047 KEV 19,3932      	,,402,M1        	,-0.14   	,      7	                   	,0.22      	,, 5	,	
20,F      	,9,11,656.02,3,3+,305 FS 21,656.00    	,3,100,[M1+E2]   	,0.10    	,      5	                   	,0.252     	,,17	,	
20,F      	,9,11,822.73,3,4+,55 PS 4,166.78    	,5,66.824,[M1]      	,        	,       	                   	,5.72E-2   	,,48	,	
20,F      	,9,11,1056.848,4,1+,5.1 FS 11,1056.78   	,3,100,[M1]      	,        	,       	                   	,3.59      	,,78	,	
20,F      	,9,11,2043.98,3,2+,2.7 FS 5,2043.89   	,6,7.56,[M1]      	,        	,       	                   	,7.1E-2    	,,14	,	
20,F      	,9,11,2043.98,3,2+,2.7 FS 5,1387.90   	,3,91.86,[M1]      	,        	,       	                   	,2.8       	,, 5	,	
20,F      	,9,11,2194.3,3,(3+),2.9 FS 8,1371.53   	,4,51.219,[M1]      	,        	,       	                   	,1.52      	,,45	,	
20,F      	,9,11,2194.3,3,(3+),2.9 FS 8,2194.16   	,3,4719,[M1]      	,        	,       	                   	,0.34      	,,10	,	
20,F      	,9,11,2966.11,3,3+,3.6 FS 8,2309.96   	,6,12.211,[M1]      	,        	,       	                   	,5.9E-2    	,,14	,	
20,F      	,9,11,2966.11,3,3+,3.6 FS 8,2143.26   	,3,58.316,[M1]      	,        	,       	                   	,0.357     	,,76	,	
20,F      	,9,11,2966.11,3,3+,3.6 FS 8,771.71    	,10,2.46,[M1]      	,        	,       	                   	,0.31      	,,10	,	
20,F      	,9,11,2966.11,3,3+,3.6 FS 8,2965.90   	,9,27.114,[M1]      	,        	,       	                   	,6.3E-2    	,,14	,	
20,F      	,9,11,3488.41,3,1+,8.1 FS 5,3488.13   	,4,72.625,[M1]      	,        	,       	                   	,4.58E-2   	,,32	,	
20,F      	,9,11,3488.41,3,1+,8.1 FS 5,2431.43   	,99,7.129,[M1]      	,        	,       	                   	,1.32E-2   	,,55	,	
20,F      	,9,11,3526.31,4,0+,3.8 FS 4,2469.34   	,4,100,[M1]      	,        	,       	                   	,0.378     	,,41	,	
21,F      	,9,12,1730.4,6,3/2+,0.05 PS 4,1450.5    	,2,2225,[M1]      	,        	,       	                   	,0.026     	,,21	,	
21,F      	,9,12,1730.4,6,3/2+,0.05 PS 4,1730.28   	,8,10025,[M1]      	,        	,       	                   	,0.07      	,, 6	,	
21,F      	,9,12,3517.67,7,"(3/2,5/2)+",0.7 PS LT,3517.40   	,10,1004,[M1]      	,        	,       	                   	,0.00038   	,>,  	,	
21,F      	,9,12,3517.67,7,"(3/2,5/2)+",0.7 PS LT,1787.16   	,8,924,[M1]      	,        	,       	                   	,0.0026    	,>,  	,	
21,F      	,9,12,3517.67,7,"(3/2,5/2)+",0.7 PS LT,3517.40   	,10,1004,[M1]      	,        	,       	                   	,0.00038   	,>,  	,	
21,F      	,9,12,3517.67,7,"(3/2,5/2)+",0.7 PS LT,1787.16   	,8,924,[M1]      	,        	,       	                   	,0.0026    	,>,  	,	
22,F      	,9,13,709.1,3,(2+),57 FS 28,637.4     	,2,1007,[M1]      	,        	,       	                   	,1.5       	,, 8	,	
18,NE     	,10,8,3616.4,6,2+,44 FS +21-14,1729      	,,912,M1        	,        	,       	                   	,0.088     	,,38	,	
19,NE     	,10,9,1536,4,3/2+,19 FS 8,1297.7    	,,953,M1        	,        	,       	                   	,0.50      	,,28	,	
21,NE     	,10,11,350.727,8,5/2+,7.13 PS 14,350.725   	,8,100,M1+E2     	,-0.075  	,      3	                   	,0.0712    	,,14	24.3,	20
21,NE     	,10,11,1745.91,19,7/2+,52 FS 4,1395.131  	,17,10018,M1+E2     	,-0.14   	,      2	                   	,0.146     	,,12	11,	4
21,NE     	,10,11,2794.17,3,1/2+,5.5 FS 7,2793.94   	,5,1003,M1        	,        	,       	                   	,0.184     	,,24	,	
21,NE     	,10,11,2866.6,2,9/2+,40 FS 4,1120.0    	,3,1005,M1+E2     	,-0.08   	,      2	                   	,0.24      	,, 3	9,	5
21,NE     	,10,11,3735.59,14,5/2+,10 FS LT,3735.2    	,2,1003,M1+E2     	,-0.15   	,      2	                   	,0.034     	,>,  	0.30,	>
21,NE     	,10,11,3735.59,14,5/2+,10 FS LT,3384.6    	,2,142,M1+E2     	,-0.55   	,     10	                   	,0.0046    	,>,  	0.71,	>
21,NE     	,10,11,4433.3,7,11/2+,22 FS 3,1567.2    	,10,1005,M1+E2     	,-0.10   	,      3	                   	,0.20      	,, 4	6,	4
21,NE     	,10,11,4684.53,15,3/2+,11 FS 3,4683.94   	,25,5921,M1        	,        	,       	                   	,0.0071    	,,20	,	
21,NE     	,10,11,4684.53,15,3/2+,11 FS 3,4333.35   	,25,1003,M1        	,        	,       	                   	,0.015     	,, 5	,	
21,NE     	,10,11,4684.53,15,3/2+,11 FS 3,1890.4    	,3,3.86,(M1)      	,        	,       	                   	,0.0069    	,,22	,	
21,NE     	,10,11,6174.2,17,(5/2)+,9 FS 4,4429      	,2,10011,M1+E2     	,-0.09   	,+5-4   	                   	,0.012     	,, 6	0.04,	+5-4
21,NE     	,10,11,6174.2,17,(5/2)+,9 FS 4,2438      	,2,3611,M1+E2     	,-1.6    	,+15-6  	                   	,0.008     	,+11-8,  	24,	19
21,NE     	,10,11,6267,16,9/2+,24 FS 12,3400.1    	,16,10011,M1+E2     	,+0.02   	,+5-8   	                   	,0.016     	,, 9	0.004,	+22-4
21,NE     	,10,11,6448.3,10,(13/2+),14 FS LT,2015      	,3,10012,M1+E2     	,-0.3    	,LT     	                   	,0.14      	,>,  	,	
22,NE     	,10,12,4456.2,9,2+,3.7 FS 25,3181.4    	,,10021,M1+E2     	,+0.09   	,      2	                   	,0.18      	,,12	1.0,	8
22,NE     	,10,12,5329.6,13,1+,1.2 FS 3,4054.6    	,,5012,M1+E2     	,+1.9    	,      5	                   	,0.020     	,,11	31,	12
22,NE     	,10,12,5363.4,11,2+,69 FS 12,4088.4    	,,1004,M1+E2     	,-0.19   	,      4	                   	,0.0039    	,, 8	0.06,	3
22,NE     	,10,12,5523.3,6,(4)+,21 FS 3,2166.1    	,5,1006,M1        	,        	,       	                   	,0.102     	,,15	,	
22,NE     	,10,12,5641.2,7,3+,3 FS LT,4366.1    	,10,1003,M1+E2     	,+0.15   	,      2	                   	,0.059     	,>,  	0.36,	>
22,NE     	,10,12,6119.9,16,2+,14 FS 7,4844.8    	,,1004,M1+E2     	,+2.3    	,      3	                   	,0.0017    	,,10	2.7,	14
22,NE     	,10,12,6119.9,16,2+,14 FS 7,1663.6    	,,10.313,M1+E2     	,+1.1    	,      3	                   	,0.012     	,, 8	38,	22
22,NE     	,10,12,6345.1,10,4+,13 FS 3,2987.7    	,9,100,M1+E2     	,+0.68   	,     16	                   	,0.043     	,,12	16,	7
22,NE     	,10,12,6635.8,8,"(3,4)+",49 FS 21,3278.3    	,,896,M1+E2     	,-0.9    	,      3	                   	,0.0033    	,,18	1.8,	10
22,NE     	,10,12,6635.8,8,"(3,4)+",49 FS 21,3278.3    	,,896,M1+E2     	,-0.9    	,      3	                   	,0.0033    	,,18	1.8,	10
22,NE     	,10,12,6819.4,16,2+,3 FS LT,2363.1    	,,10016,M1+E2     	,+2.5    	,      4	                   	,0.021     	,>,  	2.1E+2,	>
22,NE     	,10,12,7341.1,11,0+,3 FS LT,2011.4    	,,1008,(M1)      	,        	,       	                   	,0.51      	,>,  	,	
22,NE     	,10,12,7341.2,11,(4)+,35 FS 21,3983.5    	,10,966,M1+E2     	,-0.7    	,      3	                   	,0.0033    	,,22	0.7,	6
21,NA     	,11,10,331.9,10,5/2+,7.08 PS 8,331.91    	,10,100,M1+E2     	,+0.083  	,      3	                   	,0.0845    	,,10	39,	3
21,NA     	,11,10,1716.1,3,7/2+,37 FS 8,1384.1    	,3,10022,M1+E2     	,+0.14   	,      3	                   	,0.20      	,, 5	16,	8
21,NA     	,11,10,2423.8,4,1/2+,1.7 FS 4,2423.3    	,5,100,[M1]      	,        	,       	                   	,0.91      	,,22	,	
21,NA     	,11,10,3544.3,4,5/2+,15.5 EV 14,3544.0    	,6,1003,M1+E2     	,+0.07   	,      2	                   	,15.39     	,, 5	40,	30
22,NA     	,11,11,657,14,0+,19.6 PS 7,73.9      	,1,100,M1        	,        	,       	0.00359            	,2.77      	,,10	,	
22,NA     	,11,11,890.89,20,4+,10.0 PS 3,890.87    	,20,100,M1+E2     	,+3.2    	,      3	                   	,0.00028   	,, 5	25.1,	9
22,NA     	,11,11,1528.1,3,5+,3.42 PS 24,637.50    	,20,4.713,M1+E2     	,+2.11   	,     15	                   	,0.00020   	,, 7	16,	5
22,NA     	,11,11,1936.9,2,1+,13 FS 4,1280.5    	,10,10013,M1        	,        	,       	2.34E-5            	4,0.80      	,,25	,	
22,NA     	,11,11,2968.6,6,3+,32 FS 4,1016.8    	,5,100,M1        	,        	,       	                   	,0.65      	,, 9	,	
22,NA     	,11,11,3059.4,6,2+,23 FS 3,2476.2    	,3,31,M1+E2     	,+0.13   	,      7	4.46E-4            	,0.0018    	,, 7	0.03,	2
22,NA     	,11,11,3059.4,6,2+,23 FS 3,1107.6    	,5,1001,M1        	,        	,       	9.53E-6            	14,0.68      	,, 9	,	
22,NA     	,11,11,3706.7,4,6+,59 FS 12,2176.5    	,10,399,M1+E2     	,+6      	,      3	4.01E-4            	9,0.0003    	,, 2	15,	5
22,NA     	,11,11,4071.4,6,4+,0.7 FS LT,2088.2    	,5,1002,M1        	,        	,       	2.83E-4            	,3.0       	,>,  	,	
22,NA     	,11,11,4319,5,1+,17 FS 10,3662.0    	,,100,M1        	,        	,       	9.06E-4            	,0.026     	,,16	,	
22,NA     	,11,11,4360,4,2+,5.0 FS 14,2408.1    	,3,1005,M1        	,        	,       	4.15E-4            	,0.24      	,, 7	,	
22,NA     	,11,11,4710,4,(5+),37 FS 14,638.6     	,,836,M1        	,        	,       	                   	,1.0       	,, 4	,	
22,NA     	,11,11,4770,2,3+,5.9 PS 14,2818      	,,100,M1        	,        	,       	5.85E-4            	,0.00017   	,, 4	,	
22,NA     	,11,11,5062.5,4,(2+),14 FS LT,3110.6    	,4,100,M1        	,        	,       	7.01E-4            	,0.052     	,>,  	,	
22,NA     	,11,11,5100.4,13,4+,38 FS 12,4209.1    	,,4114,M1+E2     	,1       	,GT     	                   	,0.00086   	,<,  	0.12,	>
22,NA     	,11,11,5100.4,13,4+,38 FS 12,1029.0    	,,1009,[M1]      	,        	,       	                   	,0.20      	,, 7	,	
23,NA     	,11,12,440.2,4,5/2+,1.14 PS 7,440.5     	,6,100,M1+E2     	,+0.065  	,      5	                   	,0.225     	,,14	32,	6
23,NA     	,11,12,2076.2,4,7/2+,27 FS 3,1636.6    	,8,10011,M1+E2     	,+0.19   	,      1	1.12E-4            	,0.164     	,,19	14.6,	22
23,NA     	,11,12,2703.8,5,9/2+,88 FS 7,627.4     	,6,59.83,M1+E2     	,+0.10   	,      2	                   	,0.38      	,, 3	6.E+1,	3
23,NA     	,11,12,2982,5,3/2+,3.3 FS 4,591       	,1,0.5117,[M1]      	,        	,       	                   	,0.10      	,, 4	,	
23,NA     	,11,12,2982,5,3/2+,3.3 FS 4,2981.7    	,8,1003,M1        	,        	,       	6.51E-4            	,0.147     	,,18	,	
23,NA     	,11,12,2982,5,3/2+,3.3 FS 4,2541.3    	,9,70.13,M1+E2     	,-0.09   	,      3	4.72E-4            	,0.166     	,,21	1.4,	10
23,NA     	,11,12,3914.6,4,5/2+,6.9 FS 14,3914      	,1,1004,M1+E2     	,+0.22   	,      3	1.00E-3            	2,0.040     	,, 9	0.8,	3
23,NA     	,11,12,3914.6,4,5/2+,6.9 FS 14,1838      	,1,11.33,M1        	,        	,       	1.82E-4            	,0.046     	,,10	,	
23,NA     	,11,12,3914.6,4,5/2+,6.9 FS 14,932       	,1,2.93,[M1]      	,        	,       	                   	,0.091     	,,21	,	
23,NA     	,11,12,4429.63,16,1/2+,0.21 FS 2,4429.2    	,,1003,M1        	,        	,       	1.16E-3            	,1.10      	,,12	,	
23,NA     	,11,12,4429.63,16,1/2+,0.21 FS 2,2038.6    	,,9.93,[M1]      	,        	,       	2.62E-4            	,1.11      	,,12	,	
23,NA     	,11,12,4775.2,5,7/2+,1.4 FS LT,4335      	,1,10019,M1+E2     	,+0.18   	,      2	1.14E-3            	,0.10      	,>,  	0.93,	>
23,NA     	,11,12,4775.2,5,7/2+,1.4 FS LT,2699      	,1,4418,M1        	,        	,       	5.37E-4            	,0.20      	,>,  	,	
23,NA     	,11,12,5378.56,15,5/2+,143 AS 21,3302.1    	,,3617,M1+E2     	,-0.19   	,     12	7.79E-4            	14,0.95      	,,16	,	
23,NA     	,11,12,5378.56,15,5/2+,143 AS 21,4937.8    	,,10017,M1+E2     	,-0.15   	,      4	1.31E-3            	,0.72      	,,11	5,	4
23,NA     	,11,12,5534.2,6,11/2+,10.4 FS 6,2830      	,1,10014,M1+E2     	,+0.17   	,      3	5.93E-4            	,0.07      	,, 4	1.7,	11
23,NA     	,11,12,5925.8,5,7/2+,13 FS 5,2010      	,1,12.56,M1        	,        	,       	2.51E-4            	,0.014     	,, 6	,	
23,NA     	,11,12,6115.1,6,(11/2)+,35 FS 9,3411      	,1,1009,M1        	,        	,       	8.16E-4            	,0.012     	,, 4	,	
23,NA     	,11,12,6235.4,6,(13/2+),16 FS 8,701       	,1,126,(M1)      	,        	,       	                   	,0.4       	,, 3	,	
23,NA     	,11,12,6578,6,"(9/2+,5/2+)",11 FS LT,4501      	,1,10010,M1+E2     	,-0.25   	,     10	1.19E-3            	2,0.0084    	,>,  	0.045,	>
23,NA     	,11,12,6578,6,"(9/2+,5/2+)",11 FS LT,4501      	,1,10010,M1+E2     	,-0.25   	,     10	1.19E-3            	2,0.0084    	,>,  	0.045,	>
24,NA     	,11,13,1846.012,5,2+,180 FS 35,1373.763  	,5,56.67,M1+E2     	,+0.18   	,      7	                   	,0.0114    	,,17	1.2,	10
24,NA     	,11,13,1885.493,5,3+,26 FS 5,1885.413  	,5,6113,M1+E2     	,-0.07   	,      2	                   	,0.048     	,,10	0.41,	25
24,NA     	,11,13,3655.91,3,"(2+,1+)",14 FS LT,3092.50   	,3,1006,M1        	,        	,       	                   	,0.028     	,>,  	,	
24,NA     	,11,13,3655.91,3,"(2+,1+)",14 FS LT,3092.50   	,3,1006,M1        	,        	,       	                   	,0.028     	,>,  	,	
24,NA     	,11,13,3681.83,3,0+,14 FS LT,3209.40   	,3,10021,M1        	,        	,       	                   	,0.046     	,>,  	,	
24,NA     	,11,13,5967.37,13,0+,7 FS LT,2376.8    	,,133,M1        	,        	,       	                   	,0.023     	,>,  	,	
24,NA     	,11,13,5967.37,13,0+,7 FS LT,4619.1    	,,184,M1        	,        	,       	                   	,0.0044    	,>,  	,	
25,NA     	,11,14,2202,10,3/2+,25 FS 4,2112.5    	,10,364,M1+E2     	,+8      	,      4	                   	,0.0003    	,, 3	24,	5
25,NA     	,11,14,2202,10,3/2+,25 FS 4,1132.8    	,10,496,M1+E2     	,+0.05   	,      9	                   	,0.16      	,, 4	1.8,	+67-18
26,NA     	,11,15,232.7,6,2+,0.9 NS +6-5,232       	,2,1004,M1+E2     	,-0.32   	,     14	                   	,0.0010    	,+6-7,  	11,	10
26,NA     	,11,15,232.7,6,2+,0.9 NS +6-5,153       	,3,75.125,M1+E2     	,+0.16   	,      7	                   	,0.0030    	,+17-20,  	19,	+20-18
26,NA     	,11,15,406.7,5,2+,0.18 NS +17-13,404       	,3,10019,M1+E2     	,-0.25   	,     12	                   	,0.0015    	,+11-14,  	3,	+4-2
26,NA     	,11,15,406.7,5,2+,0.18 NS +17-13,323       	,,14.66,M1+E2     	,+0.14   	,      9	                   	,0.0004    	,+2-3,  	0.5,	+7-4
22,MG     	,12,10,4402,3,2+,21 FS LT,3154.7    	,3,1005,(M1)      	,        	,       	                   	,0.029     	,>,  	,	
22,MG     	,12,10,5035.4,5,2+,0.07 NS LT,3788.0    	,5,1005,(M1)      	,        	,       	                   	,5.1E-6    	,>,  	,	
22,MG     	,12,10,5711.4,7,2+,28 FS 10,4463.5    	,10,1003,M1+E2     	,-0.17   	,     10	                   	,0.007     	,, 3	0.08,	5
23,MG     	,12,11,450.7,15,5/2+,1.15 PS 8,450.70    	,15,100,M1+E2     	,-0.06   	,      2	                   	,0.209     	,,15	24,	+20-13
23,MG     	,12,11,2051.6,4,7/2+,65 FS 12,1601.4    	,13,10024,M1+E2     	,-0.19   	,      2	1.02E-4            	2,0.070     	,+16-11,  	6.5,	+21-16
24,MG     	,12,12,4238.24,3,2+,41 FS 4,2869.50   	,6,26.76,M1+E2     	,-23     	,      9	                   	,9.E-6     	,, 8	3.6,	4
24,MG     	,12,12,5235.12,4,3+,61 FS 7,996.83    	,10,2.72,M1+E2     	,+5.1    	,+12-8  	                   	,0.00035   	,,17	58,	8
24,MG     	,12,12,5235.12,4,3+,61 FS 7,3866.19   	,8,1003,M1+E2     	,-17     	,      4	                   	,2.1E-5    	,,11	2.5,	3
25,MG     	,12,13,974.756,22,3/2+,10.1 PS 10,974.742   	,35,10015,M1+E2     	,+0.36   	,      2	                   	,0.00113   	,,12	0.91,	13
25,MG     	,12,13,974.756,22,3/2+,10.1 PS 10,389.710   	,35,84.815,M1+E2     	,+0.13   	,      3	                   	,0.0166    	,,17	11,	5
25,MG     	,12,13,1611.768,11,7/2+,17 FS 3,1611.712  	,11,100,M1+E2     	,-0.189  	,     12	                   	,0.30      	,, 6	24,	6
25,MG     	,12,13,1964.624,23,5/2+,0.70 PS 6,989.865   	,30,71.914,M1+E2     	,-0.25   	,      2	                   	,0.0093    	,, 9	3.5,	7
25,MG     	,12,13,1964.624,23,5/2+,0.70 PS 6,1964.501  	,45,63.41,M1+E2     	,-0.60   	,     10	                   	,0.00082   	,,11	0.45,	12
25,MG     	,12,13,2737.8,3,7/2+,290 FS 30,2738.0    	,6,6.911,M1+E2     	,-1.2    	,      6	                   	,9.E-5     	,, 6	0.10,	5
25,MG     	,12,13,2737.8,3,7/2+,290 FS 30,773.1     	,7,87,M1+E2     	,+0.47   	,+20-12 	                   	,0.0094    	,,20	20,	15
25,MG     	,12,13,2801.46,3,3/2+,26 FS 3,2216.267  	,50,89.92,M1+E2     	,+0.21   	,      9	                   	,0.028     	,, 4	1.5,	13
25,MG     	,12,13,2801.46,3,3/2+,26 FS 3,2801.312  	,35,47.515,M1+E2     	,-0.64   	,      8	                   	,0.0055    	,, 8	1.7,	4
25,MG     	,12,13,3405.06,17,9/2+,7.7 FS 7,1793.1    	,3,10020,M1+E2     	,-0.13   	,      3	                   	,0.40      	,, 4	12,	6
25,MG     	,12,13,3907.9,4,5/2+,6 FS 2,1170.6    	,9,19.715,[M1]      	,        	,       	                   	,0.30      	,,11	,	
25,MG     	,12,13,4059.6,3,9/2+,47 FS 5,2450.5    	,10,6517,M1+E2     	,-0.46   	,     10	                   	,0.0102    	,,14	2.1,	8
25,MG     	,12,13,5251.63,22,11/2+,15 FS 2,1192.4    	,6,643,M1+E2     	,+0.32   	,      8	                   	,0.19      	,, 3	8.E+1,	4
25,MG     	,12,13,5251.63,22,11/2+,15 FS 2,1846.4    	,5,683,M1+E2     	,+0.18   	,      3	                   	,0.058     	,, 9	3.3,	12
25,MG     	,12,13,8011,2,"(9/2,13/2+)",37 FS 4,2761      	,3,8515,M1+E2     	,-0.18   	,      1	                   	,0.0093    	,,22	0.23,	6
26,MG     	,12,14,2938.33,4,2+,141 FS 8,1129.61   	,4,1006,M1+E2     	,-0.12   	,      2	                   	,0.096     	,, 6	6.1,	21
26,MG     	,12,14,3941.57,4,3+,0.83 PS 12,1003.25   	,4,10016,M1+E2     	,-0.05   	,      4	                   	,0.0162    	,,24	0.23,	+37-22
26,MG     	,12,14,3941.57,4,3+,0.83 PS 12,2132.71   	,4,61.316,M1        	,        	,       	                   	,0.00104   	,,16	,	
26,MG     	,12,14,4350.09,4,3+,105 FS 28,2541.18   	,6,1004,M1+E2     	,-0.10   	,      4	                   	,0.0066    	,,18	0.06,	5
26,MG     	,12,14,4350.09,4,3+,105 FS 28,1411.72   	,4,934,M1+E2     	,-0.31   	,      6	                   	,0.033     	,, 9	9,	4
26,MG     	,12,14,4835.13,5,2+,28 FS 6,1896.72   	,5,1004,M1        	,        	,       	                   	,0.096     	,,21	,	
26,MG     	,12,14,5291.74,6,2+,10 FS LT,1350.20   	,16,3.47,[M1]      	,        	,       	                   	,0.026     	,>,  	,	
26,MG     	,12,14,5476.05,7,4+,21 FS 6,1534.49   	,15,514,M1+E2     	,-0.27   	,      4	                   	,0.071     	,,22	12,	5
26,MG     	,12,14,5476.05,7,4+,21 FS 6,1157.23   	,6,1004,M1+E2     	,+0.09   	,      7	                   	,0.34      	,,10	12,	+19-11
26,MG     	,12,14,5715.91,8,4+,53 FS 16,1774.0    	,9,1005,M1+E2     	,-0.12   	,      4	                   	,0.017     	,, 5	0.4,	2
26,MG     	,12,14,5715.91,8,4+,53 FS 16,1365.54   	,20,95.14,M1+E2     	,-0.17   	,      3	                   	,0.036     	,,10	3.1,	14
26,MG     	,12,14,6125.47,5,3+,14 FS 6,1775.31   	,5,10014,[M1]      	,        	,       	                   	,0.20      	,, 9	,	
26,MG     	,12,14,6622.94,14,(4+),19 FS 5,1146.9    	,,192,[M1]      	,        	,       	                   	,0.063     	,,18	,	
26,MG     	,12,14,6978.3,8,(5+),14 FS 5,2660.0    	,20,344,M1+E2     	,-0.4    	,      2	                   	,0.012     	,, 5	1.5,	12
26,MG     	,12,14,6978.3,8,(5+),14 FS 5,2076.8    	,,224,M1+E2     	,-1.0    	,      6	                   	,0.010     	,, 7	13,	9
26,MG     	,12,14,6978.3,8,(5+),14 FS 5,1501.8    	,10,1008,M1+E2     	,-0.21   	,      5	                   	,0.22      	,, 9	24,	15
26,MG     	,12,14,7396,10,(5+),14 FS LE,1680.0    	,10,1006,(M1+E2)   	,-0.14   	,      2	                   	,0.16      	,>,  	4.6,	>
26,MG     	,12,14,9111.2,5,6+,11 FS LE,1715      	,,164,[M1]      	,        	,       	                   	,0.032     	,>,  	,	
26,MG     	,12,14,9989,1,(6+),7 FS LE,3011      	,,1007,(M1+E2)   	,-0.09   	,      5	                   	,0.078     	,>,  	,	
26,MG     	,12,14,9989,1,(6+),7 FS LE,1517      	,,254,(M1+E2)   	,-0.17   	,     10	                   	,0.15      	,>,  	,	
27,MG     	,12,15,984.88,5,3/2+,0.97 PS 24,984.88    	,8,100,M1+E2     	,+0.22   	,      2	                   	,0.023     	,, 6	6.0,	19
27,MG     	,12,15,3109.73,21,(7/2+),71 FS 18,1169.40   	,25,10013,(M1+E2)   	,-0.23   	,+19-6  	                   	,0.18      	,, 5	4.E+1,	+6-4
28,MG     	,12,16,4554.6,5,2+,0.03 PS LT,3082.6    	,13,100,M1+E2     	,+0.04   	,      3	                   	,0.024     	,>,  	,	
28,MG     	,12,16,4878.6,13,2+,0.08 PS LT,3404.9    	,13,1004,M1+E2     	,+0.35   	,      6	                   	,0.0046    	,>,  	0.18,	>
31,MG     	,12,19,50.1,2,(3/2+),16 NS 3,50.2      	,2,100,[M1]      	,        	,       	0.0128             	5,0.0106    	,,21	,	
25,AL     	,13,12,944.9,5,3/2+,4.3 PS 11,944.9     	,5,647,M1+E2     	,-0.38   	,     15	                   	,0.0021    	,, 7	2.0,	15
25,AL     	,13,12,944.9,5,3/2+,4.3 PS 11,493.3     	,7,1007,M1+E2     	,-0.09   	,      6	                   	,0.026     	,, 7	5,	+7-5
25,AL     	,13,12,1612.5,5,(7/2)+,12 FS 2,1612.4    	,5,100,M1+E2     	,+0.17   	,      4	                   	,0.34      	,,12	25,	12
25,AL     	,13,12,1789.5,5,5/2+,393 FS 36,1789.4    	,5,558,M1+E2     	,+1.0    	,      2	                   	,0.0011    	,, 3	2.0,	6
25,AL     	,13,12,1789.5,5,5/2+,393 FS 36,844.6     	,7,1008,M1+E2     	,+0.17   	,      2	                   	,0.036     	,, 5	8.7,	23
25,AL     	,13,12,2485.3,9,1/2+,4 FS 2,2033.4    	,10,1004,M1        	,        	,       	                   	,0.5       	,, 3	,	
25,AL     	,13,12,2673.3,6,3/2+,4 FS 3,2673.1    	,6,59.112,M1+E2     	,+0.36   	,     11	                   	,0.048     	,,18	,	
25,AL     	,13,12,2720.2,5,7/2+,201 FS 14,930.7     	,7,4622,M1+E2     	,+0.18   	,     14	                   	,0.038     	,,20	8,	+14-8
25,AL     	,13,12,3424.2,8,(9/2)+,9.0 FS 14,1811.6    	,9,1005,M1+E2     	,+0.14   	,      3	                   	,0.34      	,, 6	12,	6
26,AL     	,13,13,1057.739,12,1+,25 FS 5,829.3     	,4,100,M1        	,        	,       	                   	,1.5       	,, 3	,	
26,AL     	,13,13,1850.62,3,1+,32 FS 3,1622.0    	,7,1001,M1        	,        	,       	                   	,0.160     	,,15	,	
26,AL     	,13,13,2069.47,3,(2+),14 FS 2,1011.71   	,,10012,[M1]      	,        	,       	                   	,1.14      	,,17	,	
26,AL     	,13,13,2069.47,3,(2+),14 FS 2,310.43    	,,0.233,[M1]      	,        	,       	                   	,0.091     	,,18	,	
26,AL     	,13,13,2069.47,3,(2+),14 FS 2,218.85    	,,0.05313,[M1]      	,        	,       	                   	,0.060     	,,17	,	
26,AL     	,13,13,2069.47,3,(2+),14 FS 2,1652.56   	,,28.411,[M1]      	,        	,       	                   	,0.075     	,,11	,	
26,AL     	,13,13,2071.64,4,1+,367 FS 69,1842.8    	,7,1001,M1        	,        	,       	                   	,0.0086    	,,17	,	
26,AL     	,13,13,2365.15,18,3+,0.8 PS 2,295.678   	,,1002,[M1]      	,        	,       	                   	,0.54      	,,14	,	
26,AL     	,13,13,2545.367,17,3+,0.69 PS 17,475.892   	,,10015,[M1]      	,        	,       	                   	,0.20      	,, 5	,	
26,AL     	,13,13,2545.367,17,3+,0.69 PS 17,2128.421  	,,38.215,M1+E2     	,+1.5    	,      4	                   	,0.00026   	,,12	0.74,	22
26,AL     	,13,13,2660.92,5,2+,3 PS 3,591.44    	,,4116,[M1]      	,        	,       	                   	,0.009     	,, 9	,	
26,AL     	,13,13,2740.03,3,1+,31 FS 3,2511.59   	,,10020,M1        	,        	,       	                   	,0.044     	,, 5	,	
26,AL     	,13,13,2913.4,5,2+,68 FS 4,843.92    	,,10013,[M1]      	,        	,       	                   	,0.365     	,,23	,	
26,AL     	,13,13,3073.63,4,3+,194 FS 31,1004.14   	,,1006,[M1]      	,        	,       	                   	,0.093     	,,15	,	
26,AL     	,13,13,3159.889,13,2+,3.5 FS 7,1400.814  	,,23.16,[M1]      	,        	,       	                   	,0.34      	,, 7	,	
26,AL     	,13,13,3159.889,13,2+,3.5 FS 7,1309.233  	,,0.555,[M1]      	,        	,       	                   	,0.0098    	,,22	,	
26,AL     	,13,13,3159.889,13,2+,3.5 FS 7,1088.224  	,,4.2513,[M1]      	,        	,       	                   	,0.13      	,, 3	,	
26,AL     	,13,13,3159.889,13,2+,3.5 FS 7,2742.881  	,,10011,M1        	,        	,       	                   	,0.16      	,, 6	,	
26,AL     	,13,13,3159.889,13,2+,3.5 FS 7,794.726   	,,0.358,[M1]      	,        	,       	                   	,0.028     	,, 9	,	
26,AL     	,13,13,3159.889,13,2+,3.5 FS 7,2102.058  	,,25.78,M1        	,        	,       	                   	,0.09      	,, 3	,	
26,AL     	,13,13,3159.889,13,2+,3.5 FS 7,614.514   	,,2.248,[M1]      	,        	,       	                   	,0.39      	,, 8	,	
26,AL     	,13,13,3402.65,6,5+,67 FS 12,3402.41   	,,64.918,(M1+E2)   	,        	,       	                   	,          	,,  	1.5,	3
26,AL     	,13,13,3596.34,4,3+,18 FS 3,1526.82   	,,10022,[M1]      	,        	,       	                   	,0.32      	,, 6	,	
26,AL     	,13,13,3680.68,6,3+,8.3 FS 14,1611.16   	,,10021,[M1]      	,        	,       	                   	,0.59      	,,10	,	
26,AL     	,13,13,3680.68,6,3+,8.3 FS 14,520.79    	,,0.284,[M1]      	,        	,       	                   	,0.049     	,,11	,	
26,AL     	,13,13,3723.81,4,1+,4.2 FS 14,3495.25   	,,1001,M1        	,        	,       	                   	,0.12      	,, 4	,	
26,AL     	,13,13,3750.9,4,2+,22 FS 6,1681.37   	,,1003,[M1]      	,        	,       	                   	,0.14      	,, 4	,	
26,AL     	,13,13,3750.9,4,2+,22 FS 6,591.00    	,,23.214,[M1]      	,        	,       	                   	,0.76      	,,22	,	
26,AL     	,13,13,3753.63,13,0+,5 FS 2,2695.74   	,,1005,[M1]      	,        	,       	                   	,0.19      	,, 8	,	
26,AL     	,13,13,3753.63,13,0+,5 FS 2,1902.93   	,,34,[M1]      	,        	,       	                   	,0.017     	,, 7	,	
26,AL     	,13,13,3753.63,13,0+,5 FS 2,1681.93   	,,113,[M1]      	,        	,       	                   	,0.09      	,, 4	,	
26,AL     	,13,13,3753.63,13,0+,5 FS 2,1013.58   	,,2.23,[M1]      	,        	,       	                   	,0.08      	,, 4	,	
26,AL     	,13,13,3962.83,5,(3+),37 FS 5,1893.29   	,,10014,[M1]      	,        	,       	                   	,0.062     	,, 9	,	
26,AL     	,13,13,4191.92,6,(3+),5 FS 2,1826.70   	,,15.89,[M1]      	,        	,       	                   	,0.07      	,, 3	,	
26,AL     	,13,13,4191.92,6,(3+),5 FS 2,1646.50   	,,3.5717,[M1]      	,        	,       	                   	,0.021     	,, 9	,	
26,AL     	,13,13,4191.92,6,(3+),5 FS 2,1278.49   	,,0.667,[M1]      	,        	,       	                   	,0.008     	,, 4	,	
26,AL     	,13,13,4191.92,6,(3+),5 FS 2,3774.77   	,,10015,[M1]      	,        	,       	                   	,0.048     	,,20	,	
26,AL     	,13,13,4191.92,6,(3+),5 FS 2,595.57    	,,1.512,[M1]      	,        	,       	                   	,0.18      	,, 8	,	
26,AL     	,13,13,4191.92,6,(3+),5 FS 2,2122.97   	,,40.612,[M1]      	,        	,       	                   	,0.11      	,, 5	,	
26,AL     	,13,13,4349.34,7,3+,9 FS 3,2279.76   	,,1006,[M1]      	,        	,       	                   	,0.19      	,, 7	,	
26,AL     	,13,13,4547.92,6,2+,11 FS LT,867.22    	,,0.486,[M1]      	,        	,       	                   	,0.0070    	,>,  	,	
26,AL     	,13,13,4547.92,6,2+,11 FS LT,2002.47   	,,114,[M1]      	,        	,       	                   	,0.013     	,>,  	,	
26,AL     	,13,13,4599.17,5,(3+),5 FS 2,1525.49   	,,2.121,[M1]      	,        	,       	                   	,0.012     	,, 6	,	
26,AL     	,13,13,4599.17,5,(3+),5 FS 2,2839.97   	,,10019,[M1]      	,        	,       	                   	,0.09      	,, 4	,	
26,AL     	,13,13,4599.17,5,(3+),5 FS 2,924.23    	,,6.54,[M1]      	,        	,       	                   	,0.17      	,, 7	,	
26,AL     	,13,13,4599.17,5,(3+),5 FS 2,2053.72   	,,10.54,[M1]      	,        	,       	                   	,0.026     	,,11	,	
26,AL     	,13,13,4599.17,5,(3+),5 FS 2,918.47    	,,1.661,[M1]      	,        	,       	                   	,0.045     	,,19	,	
26,AL     	,13,13,4599.17,5,(3+),5 FS 2,1938.17   	,,13.86,[M1]      	,        	,       	                   	,0.040     	,,16	,	
26,AL     	,13,13,4599.17,5,(3+),5 FS 2,848.26    	,,3.84,[M1]      	,        	,       	                   	,0.13      	,, 6	,	
26,AL     	,13,13,4599.17,5,(3+),5 FS 2,1685.71   	,,7.14,[M1]      	,        	,       	                   	,0.031     	,,13	,	
26,AL     	,13,13,4705.37,4,(4+),3 FS LT,1024.67   	,,0.94,[M1]      	,        	,       	                   	,0.035     	,>,  	,	
26,AL     	,13,13,4705.37,4,(4+),3 FS LT,2340.11   	,,44.714,[M1]      	,        	,       	                   	,0.15      	,>,  	,	
26,AL     	,13,13,4705.37,4,(4+),3 FS LT,2159.91   	,,27.99,[M1]      	,        	,       	                   	,0.12      	,>,  	,	
26,AL     	,13,13,4705.37,4,(4+),3 FS LT,1631.68   	,,1.14,[M1]      	,        	,       	                   	,0.011     	,>,  	,	
26,AL     	,13,13,4773.35,6,4+,82 FS 12,581.42    	,,13.71,[M1]      	,        	,       	                   	,0.056     	,,10	,	
26,AL     	,13,13,4952.3,4,(3+),10 FS 3,2882.66   	,,4414,[M1]      	,        	,       	                   	,0.023     	,, 7	,	
26,AL     	,13,13,4952.3,4,(3+),10 FS 3,1792.34   	,,10018,[M1]      	,        	,       	                   	,0.22      	,, 7	,	
26,AL     	,13,13,4952.3,4,(3+),10 FS 3,760.37    	,,2.34,[M1]      	,        	,       	                   	,0.066     	,,23	,	
26,AL     	,13,13,5010.24,7,(1+),6 FS LT,4781.46   	,,1008,[M1]      	,        	,       	                   	,0.033     	,>,  	,	
26,AL     	,13,13,5010.24,7,(1+),6 FS LT,1256.58   	,,2.48,[M1]      	,        	,       	                   	,0.043     	,>,  	,	
26,AL     	,13,13,5131.93,5,(4+),3 FS LT,1535.54   	,,9.22,[M1]      	,        	,       	                   	,0.083     	,>,  	,	
26,AL     	,13,13,5131.93,5,(4+),3 FS LT,1169.07   	,,4.513,[M1]      	,        	,       	                   	,0.092     	,>,  	,	
26,AL     	,13,13,5131.93,5,(4+),3 FS LT,3062.88   	,,35.922,[M1]      	,        	,       	                   	,0.041     	,>,  	,	
26,AL     	,13,13,5131.93,5,(4+),3 FS LT,926.05    	,,1.175,[M1]      	,        	,       	                   	,0.048     	,>,  	,	
26,AL     	,13,13,5131.93,5,(4+),3 FS LT,2766.62   	,,1002,[M1]      	,        	,       	                   	,0.15      	,>,  	,	
26,AL     	,13,13,5131.93,5,(4+),3 FS LT,782.58    	,,0.727,[M1]      	,        	,       	                   	,0.049     	,>,  	,	
26,AL     	,13,13,5131.93,5,(4+),3 FS LT,2058.21   	,,42.813,[M1]      	,        	,       	                   	,0.16      	,>,  	,	
26,AL     	,13,13,5141.68,6,(2+),4 FS LT,1545.29   	,,1.74,[M1]      	,        	,       	                   	,0.020     	,>,  	,	
26,AL     	,13,13,5141.68,6,(2+),4 FS LT,1178.82   	,,1.63,[M1]      	,        	,       	                   	,0.043     	,>,  	,	
26,AL     	,13,13,5195.11,12,(0+),24 FS LT,4137.02   	,,817,[M1]      	,        	,       	                   	,0.0044    	,>,  	,	
26,AL     	,13,13,5195.11,12,(0+),24 FS LT,3344.26   	,,21.424,[M1]      	,        	,       	                   	,0.0022    	,>,  	,	
26,AL     	,13,13,5195.11,12,(0+),24 FS LT,3123.27   	,,1007,[M1]      	,        	,       	                   	,0.013     	,>,  	,	
26,AL     	,13,13,5195.11,12,(0+),24 FS LT,1471.25   	,,35.724,[M1]      	,        	,       	                   	,0.043     	,>,  	,	
26,AL     	,13,13,5245.28,4,(4+),12 FS 3,1564.55   	,,0.939,[M1]      	,        	,       	                   	,0.0021    	,, 6	,	
26,AL     	,13,13,5245.28,4,(4+),12 FS 3,1053.34   	,,10022,[M1]      	,        	,       	                   	,0.72      	,,19	,	
26,AL     	,13,13,5245.28,4,(4+),12 FS 3,539.90    	,,5.94,[M1]      	,        	,       	                   	,0.32      	,, 9	,	
26,AL     	,13,13,5494.51,5,(2+),5 FS LT,2334.51   	,,4.76,[M1]      	,        	,       	                   	,0.015     	,>,  	,	
26,AL     	,13,13,5494.51,5,(2+),5 FS LT,946.57    	,,2.4222,[M1]      	,        	,       	                   	,0.11      	,>,  	,	
26,AL     	,13,13,5494.51,5,(2+),5 FS LT,3424.80   	,,10011,[M1]      	,        	,       	                   	,0.099     	,>,  	,	
26,AL     	,13,13,5513.48,4,(4+),35 FS 4,1321.52   	,,1003,[M1]      	,        	,       	                   	,0.101     	,,12	,	
26,AL     	,13,13,5513.48,4,(4+),35 FS 4,808.10    	,,1.6216,[M1]      	,        	,       	                   	,0.0072    	,,11	,	
26,AL     	,13,13,5513.48,4,(4+),35 FS 4,381.55    	,,0.714,[M1]      	,        	,       	                   	,0.029     	,, 7	,	
26,AL     	,13,13,5544.56,7,(2+),15 FS 13,1581.68   	,,6.411,[M1]      	,        	,       	                   	,0.007     	,, 6	,	
26,AL     	,13,13,5544.56,7,(2+),15 FS 13,1948.14   	,,184,[M1]      	,        	,       	                   	,0.010     	,, 9	,	
26,AL     	,13,13,5544.56,7,(2+),15 FS 13,1793.59   	,,714,[M1]      	,        	,       	                   	,0.05      	,, 4	,	
26,AL     	,13,13,5671.04,7,1+,30 FS LT,2511.02   	,,46.92,[M1]      	,        	,       	                   	,0.011     	,>,  	,	
26,AL     	,13,13,5671.04,7,1+,30 FS LT,1917.33   	,,1004,M1        	,        	,       	                   	,0.051     	,>,  	,	
26,AL     	,13,13,5726.38,5,(4+),5 FS LT,2323.62   	,,223,[M1]      	,        	,       	                   	,0.029     	,>,  	,	
26,AL     	,13,13,5726.38,5,(4+),5 FS LT,2129.95   	,,6.55,[M1]      	,        	,       	                   	,0.011     	,>,  	,	
26,AL     	,13,13,5726.38,5,(4+),5 FS LT,1763.49   	,,16.58,[M1]      	,        	,       	                   	,0.049     	,>,  	,	
26,AL     	,13,13,5726.38,5,(4+),5 FS LT,1377.00   	,,2.23,[M1]      	,        	,       	                   	,0.014     	,>,  	,	
26,AL     	,13,13,5849.21,8,(2+),10 FS 6,707.52    	,,6.513,[M1]      	,        	,       	                   	,0.19      	,,13	,	
26,AL     	,13,13,5849.21,8,(2+),10 FS 6,3779.44   	,,1006,[M1]      	,        	,       	                   	,0.020     	,,12	,	
26,AL     	,13,13,5849.21,8,(2+),10 FS 6,1657.23   	,,314,[M1]      	,        	,       	                   	,0.07      	,, 5	,	
26,AL     	,13,13,5849.21,8,(2+),10 FS 6,1301.25   	,,17.519,[M1]      	,        	,       	                   	,0.08      	,, 6	,	
26,AL     	,13,13,5882.65,9,(3+),12 FS LT,1690.67   	,,416,[M1]      	,        	,       	                   	,0.0065    	,>,  	,	
26,AL     	,13,13,5882.65,9,(3+),12 FS LT,740.96    	,,5.323,[M1]      	,        	,       	                   	,0.10      	,>,  	,	
26,AL     	,13,13,5882.65,9,(3+),12 FS LT,1334.69   	,,1005,[M1]      	,        	,       	                   	,0.33      	,>,  	,	
26,AL     	,13,13,5882.65,9,(3+),12 FS LT,1283.45   	,,5.312,[M1]      	,        	,       	                   	,0.020     	,>,  	,	
26,AL     	,13,13,5882.65,9,(3+),12 FS LT,1177.25   	,,5.319,[M1]      	,        	,       	                   	,0.026     	,>,  	,	
26,AL     	,13,13,5882.65,9,(3+),12 FS LT,750.71    	,,5.123,[M1]      	,        	,       	                   	,0.095     	,>,  	,	
26,AL     	,13,13,5924.19,7,(4+),12 FS LT,2243.41   	,,406,[M1]      	,        	,       	                   	,0.031     	,>,  	,	
26,AL     	,13,13,5949.93,8,1(+),30 FS LT,3880.15   	,,509,[M1]      	,        	,       	                   	,0.0027    	,>,  	,	
26,AL     	,13,13,5949.93,8,1(+),30 FS LT,2789.88   	,,1009,[M1]      	,        	,       	                   	,0.015     	,>,  	,	
26,AL     	,13,13,5949.93,8,1(+),30 FS LT,2196.20   	,,476,M1        	,        	,       	                   	,0.014     	,>,  	,	
26,AL     	,13,13,6270.19,11,1+,9 FS LT,1075.06   	,,93,M1        	,        	,       	                   	,0.13      	,>,  	,	
26,AL     	,13,13,6280.33,9,(3+),14 FS LT,2088.32   	,,6611,[M1]      	,        	,       	                   	,0.040     	,>,  	,	
26,AL     	,13,13,6280.33,9,(3+),14 FS LT,1681.10   	,,2911,[M1]      	,        	,       	                   	,0.033     	,>,  	,	
26,AL     	,13,13,6280.33,9,(3+),14 FS LT,1148.37   	,,2914,[M1]      	,        	,       	                   	,0.10      	,>,  	,	
26,AL     	,13,13,6280.33,9,(3+),14 FS LT,1138.62   	,,3717,[M1]      	,        	,       	                   	,0.14      	,>,  	,	
26,AL     	,13,13,6280.33,9,(3+),14 FS LT,3120.24   	,,10023,[M1]      	,        	,       	                   	,0.018     	,>,  	,	
27,AL     	,13,14,1014.56,9,3/2+,1.49 PS 7,1014.52   	,10,1003,M1+E2     	,-0.351  	,     12	                   	,0.0122    	,, 8	7.8,	7
27,AL     	,13,14,2212.01,10,(7/2+),26.6 FS 6,2212.01   	,10,100,M1+E2     	,+0.468  	,      9	                   	,0.0627    	,,15	15.0,	6
27,AL     	,13,14,2734.9,7,5/2+,8.9 FS 12,1720.3    	,8,1003,M1+E2     	,+0.115  	,      8	                   	,0.36      	,, 6	8.7,	18
27,AL     	,13,14,4410.2,4,5/2+,1.2 FS 1,4409.8    	,5,1005,M1+E2     	,-0.04   	,      2	                   	,0.122     	,,12	0.05,	+5-5
27,AL     	,13,14,4510.3,5,(11/2+),222 FS 14,1506.0    	,10,303,M1+E2     	,+0.59   	,      2	                   	,0.0044    	,, 7	3.6,	6
27,AL     	,13,14,4580,8,(7/2+),5.3 FS 6,4579.5    	,9,1004,M1+E2     	,+0.21   	,      2	                   	,0.028     	,, 4	0.31,	7
27,AL     	,13,14,4580,8,(7/2+),5.3 FS 6,2368.7    	,11,243,M1+E2     	,-0.08   	,      6	                   	,0.050     	,, 9	0.3,	+5-3
27,AL     	,13,14,4580,8,(7/2+),5.3 FS 6,1845.0    	,11,10.621,M1+E2     	,-0.003  	,       	                   	,0.053     	,, 8	0.0007,	12
27,AL     	,13,14,4811.6,5,5/2+,1.5 FS 2,4811.1    	,6,715,M1+E2     	,-0.47   	,      6	                   	,0.034     	,, 6	1.7,	5
27,AL     	,13,14,4811.6,5,5/2+,1.5 FS 2,3796.8    	,6,1005,M1+E2     	,-0.08   	,      4	                   	,0.117     	,,18	0.3,	3
27,AL     	,13,14,4811.6,5,5/2+,1.5 FS 2,2600.3    	,8,385,M1+E2     	,+0.19   	,      6	                   	,0.13      	,, 3	3.8,	25
27,AL     	,13,14,4811.6,5,5/2+,1.5 FS 2,1829.5    	,6,135,M1+E2     	,-0.06   	,      3	                   	,0.14      	,, 6	,	
27,AL     	,13,14,5419.9,9,(9/2+),14 FS LT,3208.5    	,11,1003,M1+E2     	,+0.29   	,      4	                   	,0.035     	,>,  	1.2,	>
27,AL     	,13,14,5499.8,8,11/2+,7 FS LT,2495.4    	,12,1003,M1+E2     	,+0.29   	,      2	                   	,0.13      	,>,  	8.2,	>
27,AL     	,13,14,5667.3,12,9/2+,11 FS 3,2662.9    	,15,10013,(M1+E2)   	,-0.17   	,      5	                   	,0.057     	,,19	1.2,	8
27,AL     	,13,14,5667.3,12,9/2+,11 FS 3,1156.9    	,14,208,(M1)      	,        	,       	                   	,0.14      	,, 7	,	
27,AL     	,13,14,7400,1,11/2+,24 FS 10,686.9     	,15,143,M1+E2     	,-0.06   	,      3	                   	,0.14      	,, 7	6,	+7-6
27,AL     	,13,14,7400,1,11/2+,24 FS 10,4395.4    	,13,10012,M1+E2     	,+0.67   	,      7	                   	,0.0027    	,,12	0.33,	16
27,AL     	,13,14,7400,1,11/2+,24 FS 10,2889.5    	,12,316,M1+E2     	,-0.39   	,      8	                   	,0.0037    	,,18	0.36,	21
27,AL     	,13,14,7400,1,11/2+,24 FS 10,1900.1    	,13,366,M1+E2     	,-0.19   	,      6	                   	,0.017     	,, 8	0.9,	7
28,AL     	,13,15,30.6382,7,2+,2.07 NS 5,30.6382   	,7,100,M1        	,        	,       	                   	,0.370     	,, 9	,	
28,AL     	,13,15,1013.637,9,3+,103 FS 14,983.018   	,16,10011,M1+E2     	,+0.13   	,      5	                   	,0.14      	,, 3	12,	10
28,AL     	,13,15,1013.637,9,3+,103 FS 14,1013.676  	,21,617,[M1]      	,        	,       	                   	,0.078     	,,16	,	
28,AL     	,13,15,1372.917,20,1+,223 FS 35,1342.30   	,11,10010,M1+E2     	,-0.14   	,      5	                   	,0.022     	,, 5	1.2,	9
28,AL     	,13,15,1372.917,20,1+,223 FS 35,400.58    	,3,637,[M1]      	,        	,       	                   	,0.54      	,,12	,	
28,AL     	,13,15,1620.3,4,1+,92 FS 22,647.93    	,7,4.425,[M1]      	,        	,       	                   	,0.034     	,,22	,	
28,AL     	,13,15,1620.3,4,1+,92 FS 22,1589.72   	,8,10013,M1+E2     	,+0.18   	,      9	                   	,0.051     	,,16	3,	+4-3
28,AL     	,13,15,1622.907,20,2+,63 FS 10,1622.87   	,6,10011,[M1]      	,        	,       	                   	,0.073     	,,16	,	
28,AL     	,13,15,2201.43,3,1+,32 FS 2,1229.8    	,4,203,[M1]      	,        	,       	                   	,0.054     	,,10	,	
28,AL     	,13,15,2271.745,19,4+,22 FS 3,2271.650  	,23,1005,[M1]      	,        	,       	                   	,0.079     	,,13	,	
28,AL     	,13,15,2486.2,6,2+,66 FS 7,865.87    	,15,10013,[M1]      	,        	,       	                   	,0.30      	,, 6	,	
28,AL     	,13,15,2486.2,6,2+,66 FS 7,2486.09   	,7,332,[M1]      	,        	,       	                   	,0.0042    	,, 7	,	
28,AL     	,13,15,2581.81,22,5+,313 FS 25,310.2     	,,62,[M1]      	,        	,       	                   	,0.13      	,, 5	,	
28,AL     	,13,15,2656.3,4,4+,22 FS 3,1642.35   	,10,1005,[M1]      	,        	,       	                   	,0.16      	,, 3	,	
29,AL     	,13,16,3184.54,18,5/2+,124 FS 23,1430.2    	,4,443,M1+E2     	,+0.25   	,      6	                   	,0.014     	,, 3	2.0,	10
29,AL     	,13,16,3184.54,18,5/2+,124 FS 23,960.4     	,4,1004,M1+E2     	,+0.03   	,      2	                   	,0.109     	,,21	0.5,	+7-5
29,AL     	,13,16,3433,4,1/2+,7 NS LT,2034.9    	,6,1004,M1        	,        	,       	                   	,2.8E-7    	,>,  	,	
30,AL     	,13,17,687.52,12,1+,0.7 PS 2,443.63    	,8,1002,(M1)      	,        	,       	                   	,0.35      	,,10	,	
30,AL     	,13,17,1118.9,3,3+,83 FS 55,875.1     	,5,1004,M1        	,        	,       	                   	,0.4       	,, 3	,	
26,SI     	,14,12,2787.05,13,2+,146 FS 35,988.9     	,1,10027,M1+E2     	,+0.21   	,     10	                   	,0.100     	,,25	25,	24
27,SI     	,14,13,957.4,2,3/2+,1.20 PS 8,957.3     	,,10022,(M1+E2)   	,+0.50   	,      4	                   	,0.0157    	,, 8	23,	3
27,SI     	,14,13,957.4,2,3/2+,1.20 PS 8,176.4     	,,6.4229,(M1)      	,        	,       	                   	,0.17      	,, 6	,	
27,SI     	,14,13,2163.6,2,7/2+,44 FS 5,2163.5    	,,100,(M1+E2)   	,-0.43   	,      4	                   	,0.041     	,,12	8.5,	16
27,SI     	,14,13,2647.6,3,5/2+,17 FS 2,2647.4    	,,264,(M1+E2)   	,-0.40   	,      6	                   	,0.0120    	,,24	1.5,	5
27,SI     	,14,13,2647.6,3,5/2+,17 FS 2,1690.1    	,,1004,(M1+E2)   	,-0.083  	,     14	                   	,0.21      	,, 3	2.6,	10
27,SI     	,14,13,2909.9,2,9/2+,52 FS 6,746.2     	,,6.422,(M1)      	,        	,       	                   	,0.061     	,,23	,	
27,SI     	,14,13,4289.2,9,5/2+,3.5 FS 14,4288.8    	,,1008,M1        	,        	,       	                   	,0.041     	,,18	,	
27,SI     	,14,13,4289.2,9,5/2+,3.5 FS 14,3331.5    	,,7910,M1+E2     	,+0.21   	,      3	                   	,0.07      	,, 3	1.4,	8
27,SI     	,14,13,5062,2,5/2+,21 FS 6,4104      	,,10011,M1+E2     	,+0.07   	,      4	                   	,0.012     	,, 4	,	
28,SI     	,14,14,6276.2,7,3+,0.78 PS 6,4496.92   	,25,1004,(M1+E2)   	,-0.14   	,      2	                   	,0.000269  	,,21	0.0013,	4
28,SI     	,14,14,8588.71,10,3+,11 FS 2,789.7     	,,0.591,[M1]      	,        	,       	                   	,0.021     	,, 6	,	
28,SI     	,14,14,8945.2,13,5+,58 FS 6,4326.6    	,,1004,(M1+E2)   	,+7      	,+7-2   	                   	,6.E-5     	,+12-6,  	0.76,	10
28,SI     	,14,14,8945.2,13,5+,58 FS 6,2057.4    	,,644,(M1+E2)   	,25      	,GT     	                   	,3.1E-5    	,<,  	18,	>
28,SI     	,14,14,9315.92,10,3+,1.5 FS 6,3039.4    	,,373,(M1+E2)   	,-0.2    	,      2	                   	,0.13      	,, 6	3,	+6-3
28,SI     	,14,14,9381.55,12,2+,1.1 FS 3,3105.0    	,,4.4823,(M1)      	,        	,       	                   	,0.027     	,, 8	,	
28,SI     	,14,14,9381.55,12,2+,1.1 FS 3,1448.0    	,,3.1423,(M1)      	,        	,       	                   	,0.18      	,, 6	,	
28,SI     	,14,14,9381.55,12,2+,1.1 FS 3,1122.7    	,,0.618,(M1)      	,        	,       	                   	,0.08      	,, 3	,	
29,SI     	,14,15,1273.387,9,3/2+,291 FS 10,1273.361  	,9,100,M1+E2     	,+0.197  	,      9	                   	,0.0353    	,,13	4.1,	4
29,SI     	,14,15,2425.97,3,3/2+,18.1 FS 7,2425.73   	,20,1008,M1+E2     	,-0.32   	,      7	                   	,0.065     	,, 4	5.5,	22
29,SI     	,14,15,3067.13,5,5/2+,33 FS 1,1793.83   	,8,1004,M1+E2     	,+0.26   	,      2	                   	,0.086     	,, 6	8.8,	14
29,SI     	,14,15,3067.13,5,5/2+,33 FS 1,1038.89   	,10,213,M1+E2     	,+0.04   	,      2	                   	,0.099     	,,16	0.7,	+8-7
29,SI     	,14,15,4079.9,3,7/2+,44 FS 12,2051.9    	,5,796,M1+E2     	,+0.08   	,      2	                   	,0.024     	,, 7	0.18,	11
29,SI     	,14,15,4840.38,7,1/2+,3.5 FS LT,4839.6    	,4,10013,(M1)      	,        	,       	                   	,0.048     	,>,  	,	
29,SI     	,14,15,4895.2,4,5/2+,12 FS 5,3621.6    	,4,1007,(M1)      	,        	,       	                   	,0.021     	,, 9	,	
29,SI     	,14,15,5284.7,5,7/2+,6 FS 3,3256.3    	,5,1005,M1+E2     	,-0.19   	,      2	                   	,0.07      	,, 4	1.1,	6
29,SI     	,14,15,5652.2,7,9/2+,51 FS 3,1572.2    	,6,1006,M1+E2     	,+0.32   	,      4	                   	,0.049     	,, 5	9.9,	25
29,SI     	,14,15,5811.7,7,7/2+,32 FS 12,2745.3    	,11,1006,M1+E2     	,+0.06   	,      3	                   	,0.017     	,, 7	0.04,	+5-4
29,SI     	,14,15,7139,1,(11/2+),29 FS 10,1486.9    	,,364,(M1+E2)   	,-0.29   	,      5	                   	,0.042     	,,16	8,	4
30,SI     	,14,16,3498.49,3,2+,58 FS 17,1263.13   	,3,1003,M1+E2     	,+0.18   	,      5	2.90E-5            	5,0.09      	,, 3	9,	6
30,SI     	,14,16,3769.48,4,1+,36 FS 9,3769.22   	,5,853,M1        	,        	,       	0.000949           	14,0.0052    	,,14	,	
30,SI     	,14,16,3769.48,4,1+,36 FS 9,1534.12   	,4,1003,M1+E2     	,-0.09   	,      3	8.40E-5            	12,0.091     	,,23	1.5,	11
30,SI     	,14,16,4810.31,11,2+,104 FS 15,1311.80   	,14,897,M1+E2     	,-0.17   	,      6	3.58E-5            	6,0.036     	,, 7	2.8,	20
30,SI     	,14,16,4810.31,11,2+,104 FS 15,2574.8    	,5,287,M1+E2     	,-0.52   	,     11	0.000513           	11,0.0012    	,, 4	0.23,	11
30,SI     	,14,16,4830.85,4,3+,83 FS 24,2595.39   	,4,1003,M1+E2     	,+0.73   	,      9	0.000537           	10,0.0014    	,, 5	0.51,	17
30,SI     	,14,16,5231.38,7,3+,43 FS 21,1732.7    	,1,1005,M1+E2     	,+0.12   	,      6	0.0001497          	23,0.08      	,, 4	1.8,	+20-18
30,SI     	,14,16,5372.2,6,0+,59 FS 21,1602.8    	,9,6620,M1        	,        	,       	0.0001049          	15,0.036     	,,19	,	
30,SI     	,14,16,5614.04,13,2+,21 FS LT,783       	,,62,M1+E2     	,+0.20   	,     11	3.65E-5            	14,0.066     	,>,  	,	
30,SI     	,14,16,5614.04,13,2+,21 FS LT,1844.40   	,16,1008,M1+E2     	,+0.11   	,      5	0.000191           	3,0.090     	,>,  	0.15,	>
30,SI     	,14,16,6914.79,24,(2+),24 FS LT,4679.2    	,3,1008,M1+E2     	,-0.63   	,     14	0.001286           	23,0.0024    	,>,  	0.16,	>
30,SI     	,14,16,7223.2,4,4+,14 FS LT,1991.5    	,4,307,M1+E2     	,+0.6    	,      2	0.000268           	10,0.017     	,>,  	4.5,	>
30,SI     	,14,16,7223.2,4,4+,14 FS LT,1943.0    	,11,1007,M1+E2     	,+0.3    	,      4	0.000235           	17,0.074     	,>,  	,	
31,SI     	,14,17,1694.91,4,5/2+,0.57 PS 15,1694.87   	,5,1005,(M1+E2)   	,+4.4    	,      7	                   	,0.00039   	,,16	12,	4
31,SI     	,14,17,2316.93,10,3/2+,38 FS 15,2316.80   	,14,1008,(M1+E2)   	,2.7     	,LT     	                   	,0.0024    	,>,  	34,	<
31,SI     	,14,17,2788.03,7,(5/2+),14 FS 14,2787.9    	,12,1006,(M1+E2)   	,+0.20   	,      5	                   	,0.06      	,, 6	1.3,	+15-13
32,SI     	,14,18,4230.8,8,2+,0.26 PS 9,2289.4    	,8,615,M1+E2     	,-0.8    	,      4	                   	,0.0016    	,, 9	0.8,	6
29,P      	,15,14,1383.55,7,3/2+,151 FS 12,1383.48   	,,100,(M1+E2)   	,-0.14   	,      1	                   	,0.054     	,, 7	2.7,	5
29,P      	,15,14,1953.91,17,5/2+,268 FS 21,570.35    	,,8.711,(M1+E2)   	,+0.04   	,      6	                   	,0.035     	,, 6	0.8,	+26-8
29,P      	,15,14,2422.7,3,3/2+,19 FS 3,2422.5    	,,1004,(M1+E2)   	,+0.22   	,      2	                   	,0.065     	,,11	2.6,	7
29,P      	,15,14,2422.7,3,3/2+,19 FS 3,1039.1    	,,14.324,(M1+E2)   	,-0.15   	,     14	                   	,0.12      	,, 3	12,	+23-12
29,P      	,15,14,3105.9,3,5/2+,23 FS 10,1722.2    	,,1003,(M1+E2)   	,-0.25   	,      2	                   	,0.13      	,, 6	13,	7
29,P      	,15,14,4080.5,3,7/2+,11 FS 1,2126.3    	,,1006,(M1+E2)   	,-0.12   	,      2	                   	,0.106     	,,13	1.6,	6
30,P      	,15,15,1454.23,2,2+,4.5 PS 5,1454.23   	,2,1008,M1+E2     	,-0.22   	,      2	                   	,0.00145   	,,17	0.15,	4
30,P      	,15,15,2723.72,7,2+,112 FS 10,2723.72   	,7,1009,M1+E2     	,+4.8    	,      4	                   	,0.00039   	,, 8	5.7,	6
30,P      	,15,15,3019.2,1,1+,2 FS 1,2342.2    	,1,100,M1        	,        	,       	                   	,0.9       	,, 5	,	
31,P      	,15,16,1266.13,12,3/2+,0.523 PS 18,1266.1    	,1,100,M1+E2     	,+0.28   	,      2	                   	,0.0192    	,, 7	4.2,	6
31,P      	,15,16,3134.3,4,1/2+,7.2 FS 6,3134.3    	,,1003,M1        	,        	,       	                   	,0.097     	,, 8	,	
31,P      	,15,16,3295,2,5/2+,88 FS 10,2028.8    	,2,1003,M1+E2     	,+0.44   	,      2	                   	,0.0196    	,,23	4.1,	6
31,P      	,15,16,3295,2,5/2+,88 FS 10,1061.6    	,2,27.312,M1+E2     	,+0.41   	,      6	                   	,0.038     	,, 5	25,	7
31,P      	,15,16,3414.6,3,7/2+,219 FS 17,1181.0    	,2,2.73,M1+E2     	,-0.35   	,      7	                   	,0.00142   	,,21	0.56,	22
31,P      	,15,16,3506.1,6,3/2+,8.8 FS 13,3506.1    	,,1004,M1+E2     	,+0.40   	,      3	                   	,0.028     	,, 5	1.6,	4
31,P      	,15,16,4190.9,10,5/2+,4.9 FS 21,2924.7    	,6,1003,M1+E2     	,-0.12   	,      5	                   	,0.13      	,, 6	1.0,	10
31,P      	,15,16,4260.4,10,3/2+,10.4 FS 35,4260.4    	,,10020,M1+E2     	,+0.40   	,      6	                   	,0.017     	,, 6	0.7,	3
31,P      	,15,16,4260.4,10,3/2+,10.4 FS 35,2994.1    	,,34.82,M1+E2     	,+0.25   	,      5	                   	,0.019     	,, 7	0.6,	3
31,P      	,15,16,4592.5,10,3/2+,12 FS 4,3326.1    	,,1004,M1+E2     	,-0.8    	,      4	                   	,0.017     	,, 9	4,	3
31,P      	,15,16,4634.2,8,7/2+,68 FS 10,2399.7    	,5,723,M1+E2     	,+0.45   	,      6	                   	,0.0049    	,, 8	0.76,	21
31,P      	,15,16,4634.2,8,7/2+,68 FS 10,1339.6    	,3,975,M1+E2     	,+0.38   	,      4	                   	,0.040     	,, 7	14,	4
31,P      	,15,16,4634.2,8,7/2+,68 FS 10,1219.4    	,1,1003,M1+E2     	,+0.33   	,      6	                   	,0.056     	,, 9	18,	7
31,P      	,15,16,5116,15,5/2+,10.4 FS 35,3849.6    	,,1006,M1+E2     	,+0.30   	,      6	                   	,0.016     	,, 6	0.43,	22
31,P      	,15,16,5116,15,5/2+,10.4 FS 35,2882.0    	,,504,M1+E2     	,+0.65   	,     55	                   	,0.015     	,, 9	3,	+4-3
31,P      	,15,16,5530,15,"(5/2,7/2)+",11 FS 5,3296.0    	,,8614,M1+E2     	,+0.12   	,      5	                   	,0.016     	,, 8	0.09,	7
31,P      	,15,16,5530,15,"(5/2,7/2)+",11 FS 5,2115.3    	,,10014,M1+E2     	,+1.0    	,      5	                   	,0.036     	,,25	35,	25
31,P      	,15,16,5530,15,"(5/2,7/2)+",11 FS 5,3296.0    	,,8614,M1+E2     	,+0.12   	,      5	                   	,0.016     	,, 8	0.09,	7
31,P      	,15,16,5530,15,"(5/2,7/2)+",11 FS 5,2115.3    	,,10014,M1+E2     	,+1.0    	,      5	                   	,0.036     	,,25	35,	25
31,P      	,15,16,5891.9,20,9/2+,23 FS 6,2477.3    	,6,93,M1+E2     	,+0.23   	,      6	                   	,0.0044    	,,19	0.17,	12
31,P      	,15,16,6046.4,26,7/2+,22 FS 10,3812.3    	,,4212,M1+E2     	,+1.2    	,      6	                   	,0.0013    	,,11	0.6,	4
31,P      	,15,16,6078.1,18,9/2+,22 FS 10,1444.2    	,3,3010,M1+E2     	,+0.13   	,      8	                   	,0.06      	,, 4	2.2,	+30-22
31,P      	,15,16,6931.4,20,5/2+,28 FS LT,4697.2    	,,1005,M1+E2     	,-1.3    	,      3	                   	,0.0016    	,>,  	0.64,	>
31,P      	,15,16,7117.7,10,9/2+,17 FS LE,3703.0    	,,100,M1+E2     	,-0.18   	,      2	                   	,0.025     	,>,  	0.20,	>
32,P      	,15,17,78.06,2,2+,278 PS 9,78.05     	,2,100,(M1)      	,        	,       	0.00907            	,0.165     	,, 6	,	
32,P      	,15,17,512.7,3,0+,1.83 PS 8,512.69    	,3,100,M1        	,        	,       	                   	,0.088     	,, 4	,	
32,P      	,15,17,1149.39,3,1+,183 FS 12,1071.31   	,4,863,M1+E2     	,+0.14   	,      7	                   	,0.041     	,, 4	3,	3
32,P      	,15,17,1149.39,3,1+,183 FS 12,636.68    	,5,1004,M1        	,        	,       	                   	,0.232     	,,19	,	
32,P      	,15,17,1755,10,3+,430 FS 28,1676.89   	,11,1006,M1+E2     	,-0.79   	,      8	                   	,0.0064    	,, 7	6.0,	9
32,P      	,15,17,1755,10,3+,430 FS 28,432.15    	,11,2.0911,M1+E2     	,-0.12   	,     10	                   	,0.0125    	,,11	4,	+7-4
32,P      	,15,17,2177.2,2,3+,53 FS 10,2099.0    	,3,10010,M1+E2     	,+0.14   	,      3	                   	,0.039     	,, 8	0.7,	4
32,P      	,15,17,2217.79,11,2+,166 FS 17,2217.70   	,12,1004,M1+E2     	,-0.5    	,      2	                   	,0.0048    	,,10	1.0,	7
32,P      	,15,17,2217.79,11,2+,166 FS 17,894.93    	,12,5711,M1+E2     	,-0.3    	,       	                   	,0.048     	,,11	23,	6
32,P      	,15,17,2229.7,6,1+,35 FS LT,906.84    	,7,2.16,(M1)      	,        	,       	                   	,0.016     	,>,  	,	
32,P      	,15,17,2657.53,9,2+,8.3 FS 28,2657.41   	,10,1006,M1+E2     	,+0.17   	,      3	                   	,0.09      	,, 4	1.6,	8
32,P      	,15,17,2657.53,9,2+,8.3 FS 28,902.51    	,14,103,(M1)      	,        	,       	                   	,0.24      	,,11	,	
32,P      	,15,17,2740.36,6,1+,14 FS 5,2227.57   	,7,10015,M1        	,        	,       	                   	,0.09      	,, 4	,	
32,P      	,15,17,3004.6,8,3+,60 FS 3,827.3     	,9,4.74,M1+E2     	,-0.11   	,     16	                   	,0.025     	,, 3	1.9,	+55-19
32,P      	,15,17,3004.6,8,3+,60 FS 3,1681.7    	,9,5.26,M1+E2     	,-1.7    	,      8	                   	,0.0009    	,, 7	3.8,	11
32,P      	,15,17,3149.3,3,4+,345 FS 25,1393.9    	,14,22.611,M1+E2     	,-4.8    	,     12	                   	,0.00013   	,, 7	6.6,	6
32,P      	,15,17,3149.3,3,4+,345 FS 25,971.7     	,14,345,M1+E2     	,-0.11   	,      4	                   	,0.0138    	,,11	0.8,	6
32,P      	,15,17,3797.3,4,(3+),49 FS 26,3717.8    	,7,28.216,M1+E2     	,+0.6    	,      5	                   	,0.0014    	,,10	0.16,	+21-16
32,P      	,15,17,4743.3,4,5+,,1594.2    	,14,1003,M1+E2     	,-0.12   	,      4	                   	,0.025     	,, 8	,	
32,P      	,15,17,5072.44,6,0+,104 FS 34,3922.79   	,7,10010,M1        	,        	,       	                   	,0.0030    	,,10	,	
32,P      	,15,17,5072.44,6,0+,104 FS 34,2842.60   	,9,116,M1        	,        	,       	                   	,0.0009    	,, 3	,	
33,P      	,15,18,1431.7,2,3/2+,0.43 PS 7,1431.7    	,2,100,M1+E2     	,-0.62   	,     15	                   	,0.013     	,, 3	10,	4
33,P      	,15,18,2538.6,3,3/2+,35 FS 7,691.0     	,4,8.212,[M1]      	,        	,       	                   	,0.13      	,, 6	,	
33,P      	,15,18,2538.6,3,3/2+,35 FS 7,2538.5    	,5,10035,(M1+E2)   	,+0.16   	,      4	                   	,0.032     	,,16	0.5,	4
33,P      	,15,18,2538.6,3,3/2+,35 FS 7,1106.8    	,3,9.412,[M1]      	,        	,       	                   	,0.037     	,,15	,	
33,P      	,15,18,3276.1,4,3/2+,0.14 PS 3,1843.9    	,,       10LT,[M1]      	,        	,       	                   	,0.0006    	,, 6	,	
33,P      	,15,18,3490.6,3,5/2+,58 FS 12,2058.8    	,4,74.925,(M1+E2)   	,-0.17   	,     10	                   	,0.017     	,, 4	0.5,	+6-4
33,P      	,15,18,4048.4,5,5/2+,62 FS 21,2616.5    	,8,1005,M1+E2     	,+0.19   	,      4	                   	,0.014     	,, 5	0.29,	16
33,P      	,15,18,4048.4,5,5/2+,62 FS 21,1509.6    	,6,145,[M1]      	,        	,       	                   	,0.010     	,, 6	,	
33,P      	,15,18,4048.4,5,5/2+,62 FS 21,772.4     	,,94,[M1]      	,        	,       	                   	,0.05      	,, 3	,	
33,P      	,15,18,5050,7,5/2+,62 FS LT,3617.2    	,,248,[M1]      	,        	,       	                   	,0.00076   	,>,  	,	
33,P      	,15,18,5050,7,5/2+,62 FS LT,2511.1    	,,104,[M1]      	,        	,       	                   	,0.00095   	,>,  	,	
34,P      	,15,19,1607.77,20,1+,0.52 PS +45-14,1607.7    	,5,554,M1+E2     	,-0.13   	,      6	                   	,0.0036    	,+10-31,  	0.09,	9
34,P      	,15,19,1607.77,20,1+,0.52 PS +45-14,1178.63   	,19,1003,(M1+E2)   	,+1.0    	,      6	                   	,0.008     	,+6-8,  	24,	+16-24
31,S      	,16,15,1248.87,9,3/2+,0.50 PS 12,1248.86   	,10,100,M1+E2     	,+0.35   	,      2	                   	,0.020     	,, 6	7.0,	20
32,S      	,16,16,4695.3,4,1+,286 FS 74,4694.0    	,25,63.917,[M1]      	,        	,       	                   	,0.00029   	,, 8	,	
32,S      	,16,16,7115.3,10,2+,1.73 FS 35,4884.2    	,,10024,M1+E2     	,-0.38   	,      3	                   	,0.079     	,,17	2.0,	5
33,S      	,16,17,840.982,12,1/2+,1.15 PS 12,840.974   	,14,100,M1+E2     	,+0.18   	,      5	                   	,0.031     	,, 4	6,	4
33,S      	,16,17,1967.19,3,5/2+,94 FS 14,1967.20   	,6,10011,M1+E2     	,-0.60   	,     12	                   	,0.021     	,, 4	8,	3
33,S      	,16,17,2313.399,14,3/2+,109 FS 17,1472.411  	,13,1003,M1+E2     	,-0.12   	,     10	                   	,0.044     	,, 8	1.2,	+20-12
33,S      	,16,17,2313.399,14,3/2+,109 FS 17,346.19    	,14,1.63,(M1)      	,        	,       	                   	,0.055     	,,14	,	
33,S      	,16,17,2313.399,14,3/2+,109 FS 17,2313.34   	,7,403,M1+E2     	,-0.28   	,      7	                   	,0.0043    	,, 8	0.26,	13
33,S      	,16,17,2867.626,20,5/2+,10.8 FS 35,2867.47   	,4,1002,M1+E2     	,+0.12   	,      4	                   	,0.08      	,, 3	0.6,	5
33,S      	,16,17,3831.6,3,5/2+,30 FS 8,3831.9    	,9,1007,(M1+E2)   	,+0.38   	,      4	                   	,0.0061    	,,18	0.25,	9
33,S      	,16,17,3831.6,3,5/2+,30 FS 8,862.4     	,,197,[M1]      	,        	,       	                   	,0.12      	,, 6	,	
33,S      	,16,17,3934.73,6,3/2+,24 FS 7,3093.7    	,3,273,[M1+E2]   	,        	,       	                   	,0.0024    	,, 8	1.0,	4
33,S      	,16,17,3934.73,6,3/2+,24 FS 7,3935.0    	,5,1005,(M1+E2)   	,+0.21   	,      9	                   	,0.0082    	,,25	0.10,	9
33,S      	,16,17,4048.56,8,9/2+,211 FS 53,1079.2    	,1,11.511,(M1+E2)   	,-0.33   	,      4	                   	,0.0068    	,,19	2.6,	10
33,S      	,16,17,4095.09,17,7/2+,31 FS 8,2127.7    	,2,10011,(M1+E2)   	,+0.19   	,      2	                   	,0.046     	,,14	1.5,	6
34,S      	,16,18,3304.212,13,2+,136 FS 7,1176.650  	,20,1009,M1+E2     	,-0.16   	,      2	                   	,0.052     	,, 3	3.8,	10
34,S      	,16,18,4074.667,14,1+,17 FS LT,1947.060  	,20,9410,M1+E2     	,+1.3    	,+9-32  	                   	,0.0039    	,>,  	26,	>
34,S      	,16,18,4114.813,23,2+,73 FS 6,1987.19   	,3,768,M1+E2     	,-0.40   	,      5	                   	,0.0143    	,,23	2.3,	6
34,S      	,16,18,4876.839,24,3+,40 FS 15,2749.24   	,5,10010,M1+E2     	,-0.11   	,      3	                   	,0.014     	,, 6	0.09,	6
34,S      	,16,18,4876.839,24,3+,40 FS 15,1572.57   	,5,809,M1+E2     	,-0.09   	,      4	                   	,0.060     	,,24	0.8,	8
34,S      	,16,18,5380.99,4,1+,49 FS LT,3253.21   	,6,10011,M1+E2     	,-1.1    	,     10	                   	,1.2E-5    	,>,  	0.22,	>
34,S      	,16,18,6251.22,19,4+,0.42 PS +49-21,1374.34   	,20,4610,M1+E2     	,-3.7    	,+7-26  	                   	,0.0004    	,+3-4,  	12,	+8-12
36,S      	,16,20,4523,6,1+,0.017 PS 8,4522.2    	,15,10013,M1        	,        	,       	                   	,0.010     	,, 5	,	
33,CL     	,17,16,810.55,16,1/2+,1.2 PS 2,810.55    	,16,100,[M1]      	,        	,       	                   	,0.034     	,, 6	,	
33,CL     	,17,16,1986.3,3,5/2+,55 FS 11,1986.5    	,4,100,M1+E2     	,+0.51   	,      6	                   	,0.040     	,, 9	11,	3
33,CL     	,17,16,2352,3,3/2+,70 FS 20,2351.9    	,3,353,M1+E2     	,-1.3    	,      4	                   	,0.0023    	,,12	2.9,	11
33,CL     	,17,16,2352,3,3/2+,70 FS 20,1541.5    	,5,1003,M1+E2     	,+0.41   	,      8	                   	,0.054     	,,16	16,	7
33,CL     	,17,16,2839,3,5/2+,3 FS 1,2839.0    	,3,1004,M1+E2     	,-0.10   	,      2	                   	,0.31      	,,11	1.6,	9
33,CL     	,17,16,2975.4,3,7/2+,60 FS 14,989.1     	,,185,M1+E2     	,+0.31   	,      3	                   	,0.053     	,,20	21,	9
33,CL     	,17,16,3816.3,3,5/2+,,977.3     	,,285,M1+E2     	,+0.47   	,     16	                   	,0.046     	,>,  	42,	>
33,CL     	,17,16,3816.3,3,5/2+,,3816.1    	,3,305,M1+E2     	,-2.5    	,      3	                   	,1.4E-4    	,>,  	0.23,	>
33,CL     	,17,16,3816.3,3,5/2+,,1829.9    	,,497,M1+E2     	,-0.22   	,      3	                   	,0.014     	,>,  	0.9,	>
33,CL     	,17,16,3816.3,3,5/2+,,1464.3    	,,1007,M1+E2     	,+0.17   	,      4	                   	,0.6       	,>,  	3.3,	>
33,CL     	,17,16,3971.2,2,3/2+,5 KEV 3,3970.9    	,2,1006,M1+E2     	,+0.8    	,      5	                   	,3.3E-3    	,,18	1,	<
33,CL     	,17,16,4112.27,20,3/2+,3 KEV LT,3280      	,50,10010,M1+E2     	,+0.10   	,      5	                   	,3.6E-2    	,,  	0.3,	<
34,CL     	,17,17,461,4,1+,5.2 PS 4,461.00    	,4,100,M1        	,        	,       	                   	,0.043     	,, 4	,	
34,CL     	,17,17,665.56,4,1+,9.2 PS 4,665.55    	,5,1006,M1        	,        	,       	                   	,0.0068    	,, 8	,	
34,CL     	,17,17,1230.26,4,2+,13.6 PS 9,769.25    	,7,1008,M1+E2     	,+1.2    	,      5	                   	,0.0006    	,, 3	5.3,	19
34,CL     	,17,17,1230.26,4,2+,13.6 PS 9,564.68    	,6,745,M1+E2     	,+0.32   	,     13	                   	,0.0023    	,, 3	2.9,	22
34,CL     	,17,17,1230.26,4,2+,13.6 PS 9,1083.88   	,10,845,M1+E2     	,+1.6    	,     12	                   	,0.00011   	,+13-11,  	1.0,	5
34,CL     	,17,17,1887.14,5,2+,1.2 PS 5,1740.74   	,10,625,M1+E2     	,-1.2    	,      8	                   	,0.0005    	,, 5	1.0,	7
34,CL     	,17,17,1887.14,5,2+,1.2 PS 5,1426.10   	,10,1005,M1+E2     	,-1.8    	,      2	                   	,0.0009    	,, 4	5.4,	23
34,CL     	,17,17,2376.5,4,4+,150 FS 17,2230.1    	,4,1008,(M1+E2)   	,+6.0    	,     18	                   	,0.00022   	,,15	6.3,	16
34,CL     	,17,17,2580.4,2,1+,33 FS 8,2580.3    	,,100,M1        	,        	,       	                   	,0.038     	,,10	,	
35,CL     	,17,18,1219.29,11,1/2+,126 FS 14,1219.3    	,2,100,M1+E2     	,+0.106  	,      7	                   	,0.095     	,,11	2.7,	5
35,CL     	,17,18,1763.04,7,5/2+,0.39 PS 4,1763.13   	,10,100,M1+E2     	,-2.93   	,     10	                   	,0.00107   	,,13	11.2,	12
35,CL     	,17,18,2645.74,8,7/2+,159 FS 21,882.84    	,10,9.911,M1+E2     	,-0.23   	,      5	                   	,0.017     	,, 3	4.4,	20
35,CL     	,17,18,2693.75,8,3/2+,33 FS 6,930.9     	,2,16.313,M1+E2     	,-0.09   	,      3	                   	,0.106     	,,22	4,	3
35,CL     	,17,18,2693.75,8,3/2+,33 FS 6,2693.6    	,1,10016,M1+E2     	,-0.25   	,      2	                   	,0.026     	,, 5	0.83,	20
35,CL     	,17,18,2693.75,8,3/2+,33 FS 6,1474.8    	,3,9.51,M1+E2     	,+0.63   	,     21	                   	,0.011     	,, 4	8,	4
35,CL     	,17,18,3002.3,13,5/2+,21 FS 4,3002.4    	,4,1002,M1+E2     	,-0.08   	,      2	                   	,0.035     	,, 7	0.09,	5
35,CL     	,17,18,3918.49,17,3/2+,4.9 FS 14,3918.4    	,6,10012,M1+E2     	,-0.21   	,      2	                   	,0.058     	,,17	0.63,	22
35,CL     	,17,18,3943.82,25,9/2+,205 FS 35,1297.4    	,15,822,M1+E2     	,-3.0    	,      1	                   	,0.00034   	,,12	6.9,	23
35,CL     	,17,18,3967.5,23,1/2+,10 FS 3,2748.5    	,6,1006,[M1]      	,        	,       	                   	,0.079     	,,25	,	
35,CL     	,17,18,4111.98,24,7/2+,49 FS 11,2348.8    	,,906,M1+E2     	,-0.16   	,      2	                   	,0.015     	,, 4	0.27,	10
36,CL     	,17,19,788.4328,4,3+,14.7 PS 10,788.4236  	,4,1005,M1+E2     	,+1.1    	,      4	8.8E-5             	10,0.0014    	,, 6	10,	4
36,CL     	,17,19,1164.8799,9,1+,6.9 PS 4,1164.860  	,5,1005,M1+E2     	,-0.32   	,      6	3.49E-5            	6,0.00183   	,,13	0.50,	18
36,CL     	,17,19,2492.3035,22,2+,40 FS 9,1327.396  	,4,1006,M1+E2     	,-0.10   	,      7	4.91E-5            	8,0.16      	,, 4	3,	+5-3
36,CL     	,17,19,2492.3035,22,2+,40 FS 9,532.904   	,4,10.28,M1+E2     	,-2.7    	,LT     	0.000333           	13,0.024     	,>,  	3.7E+3,	<
36,CL     	,17,19,2676.44,7,"1+,(2+)",21 FS 3,2676.323  	,17,1003,M1+E2     	,-0.05   	,      9	0.000540           	8,0.050     	,, 8	0.06,	+23-6
36,CL     	,17,19,2676.44,7,"1+,(2+)",21 FS 3,2676.323  	,17,1003,M1+E2     	,-0.05   	,      9	0.000540           	8,0.050     	,, 8	0.06,	+23-6
37,CL     	,17,20,1726.58,4,1/2+,0.13 PS 2,1726.4    	,2,100,M1+E2     	,-0.25   	,      2	                   	,0.031     	,, 5	2.3,	5
37,CL     	,17,20,3086.12,7,5/2+,37 FS 8,3086.2    	,2,100,M1+E2     	,+0.74   	,      2	                   	,0.013     	,, 3	2.6,	6
37,CL     	,17,20,3707.79,9,3/2+,44 FS 14,1981.2    	,,234,M1+E2     	,+1.1    	,      4	                   	,0.005     	,, 3	5,	3
37,CL     	,17,20,4016.27,9,3/2+,0.11 PS 4,2289.6    	,,404,M1+E2     	,-0.20   	,     12	                   	,0.0030    	,,12	0.08,	+10-8
37,CL     	,17,20,4016.27,9,3/2+,0.11 PS 4,930.0     	,,1006,M1+E2     	,-0.16   	,      6	                   	,0.11      	,, 5	12,	10
37,CL     	,17,20,4016.27,9,3/2+,0.11 PS 4,4016.0    	,,696,M1+E2     	,-0.49   	,     12	                   	,0.0008    	,, 4	0.042,	23
37,CL     	,17,20,4801.21,11,5/2+,7 FS LT,4800.9    	,,100,M1+E2     	,-0.236  	,     14	                   	,0.025     	,>,  	0.19,	>
37,CL     	,17,20,5490.68,11,5/2+,15 FS 6,1782.8    	,,1003,M1+E2     	,+0.09   	,      5	                   	,0.08      	,, 4	0.7,	+9-7
37,CL     	,17,20,8812.18,18,17/2+,0.38 PS 11,1791.6    	,3,10026,M1+E2     	,-0.25   	,     10	                   	,0.0045    	,,19	0.3,	3
34,AR     	,18,16,3287.7,5,2+,194 FS 35,1196.6    	,4,1005,M1+E2     	,+0.12   	,      5	                   	,0.060     	,,12	2.4,	20
36,AR     	,18,18,4440.11,19,2+,76 FS 14,2469.6    	,,563,M1+E2     	,1.5     	,GT     	                   	,0.0025    	,<,  	2.3,	>
36,AR     	,18,18,7139.6,4,3+,69 FS 35,2699.4    	,,1009,M1+E2     	,-0.28   	,      3	                   	,0.008     	,, 4	0.29,	17
37,AR     	,18,19,2796.15,8,5/2+,14 FS 4,2796.04   	,22,100,M1+E2     	,+0.16   	,      1	0.000593           	9,0.069     	,,20	0.79,	25
37,AR     	,18,19,3170,5,5/2+,56 FS 5,3169.9    	,5,100,M1+E2     	,-0.52   	,      9	0.000765           	13,0.0078    	,,12	0.73,	23
37,AR     	,18,19,3601.8,4,3/2+,23 FS 5,3601.7    	,4,1005,M1+E2     	,-0.25   	,      5	0.000907           	14,0.014     	,, 4	0.24,	11
37,AR     	,18,19,3937.1,4,3/2+,17 FS 10,3936.8    	,6,10012,M1+E2     	,+0.6    	,+2-7   	0.00105            	4,0.013     	,, 8	1.1,	9
37,AR     	,18,19,3937.1,4,3/2+,17 FS 10,2527.2    	,4,19.112,M1+E2     	,-3.0    	,     15	0.000570           	23,0.0013    	,+14-13,  	6,	4
37,AR     	,18,19,4283.87,25,7/2+,28 FS 14,1488.1    	,3,153,M1+E2     	,+0.17   	,     10	8.50E-5            	17,0.023     	,,13	1.0,	+14-10
37,AR     	,18,19,6150.45,24,13/2+,3.1 PS 3,937.19    	,18,1007,M1+E2     	,+0.104  	,     12	5.54E-5            	8,0.0064    	,, 9	0.28,	8
37,AR     	,18,19,6473.28,24,15/2+,4.9 PS 7,322.80    	,8,1005,M1+E2     	,-0.065  	,     23	0.000533           	10,0.061     	,,10	9,	7
37,AR     	,18,19,7071.1,4,"13/2+,17/2+",375 FS 80,597.80    	,20,100,M1        	,        	,       	0.0001363          	20,0.27      	,, 6	,	
37,AR     	,18,19,7071.1,4,"13/2+,17/2+",375 FS 80,597.80    	,20,100,M1        	,        	,       	0.0001363          	20,0.27      	,, 6	,	
38,AR     	,18,20,8077.2,22,7+,0.11 PS 3,1669.0    	,3,1003,M1+E2     	,+0.72   	,+21-16 	                   	,0.026     	,+16-10,  	17,	+15-8
37,K      	,19,18,2750.22,8,5/2+,1.4 FS 3,2750.1    	,,10010,M1+E2     	,-0.09   	,      1	0.000576           	8,0.73      	,,16	2.8,	9
38,K      	,19,19,458.53,16,1+,7.0 PS 6,328.1     	,2,1003,M1        	,        	,       	6.07E-4            	,0.088     	,+9-8,  	,	
38,K      	,19,19,1697.65,25,1+,48 FS 10,1567.4    	,2,100,M1        	,        	,       	1.10E-4            	,0.119     	,+32-21,  	,	
38,K      	,19,19,2401.12,19,2+,52 FS 15,1942.5    	,1,1002,M1+E2     	,+0.077  	,     12	2.42E-4            	,0.053     	,+24-13,  	0.28,	+26-13
38,K      	,19,19,3341.1,8,1+,38 FS LT,3210.7    	,7,1006,[M1]      	,        	,       	7.57E-4            	,0.014     	,>,  	,	
38,K      	,19,19,3429.7,10,2+,0.12 PS LT,1028.0    	,12,1005,[M1]      	,        	,       	5.47E-5            	8,0.10      	,>,  	,	
38,K      	,19,19,3855.8,19,1+,83 FS LT,3725.4    	,19,100,[M1]      	,        	,       	9.46E-4            	,0.0051    	,>,  	,	
38,K      	,19,19,3976.3,12,1+,40 FS LT,3848.0    	,19,10010,[M1]      	,        	,       	9.90E-4            	,0.0071    	,>,  	,	
39,K      	,19,20,2522.75,25,1/2+,63 FS 6,2522.4    	,3,100,M1+E2     	,0.93    	,+15-12 	                   	,0.012     	,, 3	5.2,	+15-12
39,K      	,19,20,3938.9,5,3/2+,73 FS 14,1416.2    	,4,8.811,M1+E2     	,+0.61   	,     12	                   	,0.0063    	,+34-22,  	3.8,	+30-19
39,K      	,19,20,3938.9,5,3/2+,73 FS 14,3938.3    	,10,10011,M1+E2     	,-1.2    	,+6-15  	                   	,0.0019    	,+24-14,  	0.6,	+5-4
39,K      	,19,20,4095.6,4,1/2+,60 FS 10,1572.5    	,3,10013,[M1]      	,        	,       	                   	,0.080     	,+18-13,  	,	
39,K      	,19,20,4514.3,13,5/2+,19 FS 7,4514.0    	,14,100,M1+E2     	,-1.0    	,      2	                   	,0.006     	,+6-3,  	1.0,	+9-5
39,K      	,19,20,4930.3,4,3/2+,21 FS 9,2407.4    	,3,323,M1+E2     	,+0.6    	,GT     	                   	,0.013     	,<,  	2.7,	>
39,K      	,19,20,4930.3,4,3/2+,21 FS 9,4931.4    	,12,1003,M1+E2     	,-1.3    	,      6	                   	,0.0025    	,+58-15,  	0.6,	+8-4
39,K      	,19,20,7776.31,22,17/2+,1.0 PS 3,1301.18   	,11,834,M1+E2     	,-0.9    	,      3	                   	,0.0025    	,+26-12,  	3.9,	+40-22
39,CA     	,20,19,4020.7,17,1/2+,0.42 PS 12,1553.8    	,,10013,[M1]      	,        	,       	                   	,0.011     	,+7-4,  	,	
40,CA     	,20,20,5248.79,5,2+,83 FS +11-9,1344.4    	,3,19.412,M1+E2     	,+13     	,+6-3   	                   	,8E-5      	,+11-6,  	25,	+8-6
